Workbook

Sheet DATA_NHAP
A1: =ROW()-1 -> 0 | B1: =45291+A1 -> 45291 | C1: =IF(D1="","",CHOOSE(H1-1,"T2","T3","T4","T5","T6","T7","CN")) -> CN | D1: 91089 | E1: =IF(D1="","",TEXT(D1,"00000")) -> 91089 | F1: =IF(E1="","",RIGHT(E1,2)) -> 89 | G1: =INT((A1-1)/7)+1 -> 0 | H1: =WEEKDAY(B1,2)+1 -> 8 | I1: =IF(D1="","",G1&"|"&H1) -> 0|8 | J1: =IF(E1="","",MID(E1,1,3)) -> 910 | K1: =IF(E1="","",MID(E1,2,3)) -> 108 | L1: =IF(E1="","",MID(E1,3,3)) -> 089 | M1: =IF(E1="","",MID(E1,1,4)) -> 9108 | N1: =IF(E1="","",MID(E1,2,4)) -> 1089
A2: =ROW()-1 -> 1 | B2: =45291+ROW() -> 45293 | C2: =CHOOSE(WEEKDAY(B2,2),"T2","T3","T4","T5","T6","T7","CN") -> T3 | D2: 48877 | E2: =IF(D2="","",TEXT(D2,"00000")) -> 48877 | F2: =IF(E2="","",RIGHT(E2,2)) -> 77 | G2: =INT((ROW()-1)/7)+1 -> 1 | H2: =WEEKDAY(B2,2)+1 -> 3 | I2: =IF(D2="","",G2&"|"&H2) -> 1|3 | J2: =IF(E2="","",MID(E2,1,3)) -> 488 | K2: =IF(E2="","",MID(E2,2,3)) -> 887 | L2: =IF(E2="","",MID(E2,3,3)) -> 877 | M2: =IF(E2="","",MID(E2,1,4)) -> 4887 | N2: =IF(E2="","",MID(E2,2,4)) -> 8877
A3: =ROW()-1 -> 2 | B3: =45291+ROW() -> 45294 | C3: =CHOOSE(WEEKDAY(B3,2),"T2","T3","T4","T5","T6","T7","CN") -> T4 | D3: 73732 | E3: =IF(D3="","",TEXT(D3,"00000")) -> 73732 | F3: =IF(E3="","",RIGHT(E3,2)) -> 32 | G3: =INT((ROW()-1)/7)+1 -> 1 | H3: =WEEKDAY(B3,2)+1 -> 4 | I3: =IF(D3="","",G3&"|"&H3) -> 1|4 | J3: =IF(E3="","",MID(E3,1,3)) -> 737 | K3: =IF(E3="","",MID(E3,2,3)) -> 373 | L3: =IF(E3="","",MID(E3,3,3)) -> 732 | M3: =IF(E3="","",MID(E3,1,4)) -> 7373 | N3: =IF(E3="","",MID(E3,2,4)) -> 3732
A4: =ROW()-1 -> 3 | B4: =45291+ROW() -> 45295 | C4: =CHOOSE(WEEKDAY(B4,2),"T2","T3","T4","T5","T6","T7","CN") -> T5 | D4: 28285 | E4: =IF(D4="","",TEXT(D4,"00000")) -> 28285 | F4: =IF(E4="","",RIGHT(E4,2)) -> 85 | G4: =INT((ROW()-1)/7)+1 -> 1 | H4: =WEEKDAY(B4,2)+1 -> 5 | I4: =IF(D4="","",G4&"|"&H4) -> 1|5 | J4: =IF(E4="","",MID(E4,1,3)) -> 282 | K4: =IF(E4="","",MID(E4,2,3)) -> 828 | L4: =IF(E4="","",MID(E4,3,3)) -> 285 | M4: =IF(E4="","",MID(E4,1,4)) -> 2828 | N4: =IF(E4="","",MID(E4,2,4)) -> 8285
A5: =ROW()-1 -> 4 | B5: =45291+ROW() -> 45296 | C5: =CHOOSE(WEEKDAY(B5,2),"T2","T3","T4","T5","T6","T7","CN") -> T6 | D5: 13113 | E5: =IF(D5="","",TEXT(D5,"00000")) -> 13113 | F5: =IF(E5="","",RIGHT(E5,2)) -> 13 | G5: =INT((ROW()-1)/7)+1 -> 1 | H5: =WEEKDAY(B5,2)+1 -> 6 | I5: =IF(D5="","",G5&"|"&H5) -> 1|6 | J5: =IF(E5="","",MID(E5,1,3)) -> 131 | K5: =IF(E5="","",MID(E5,2,3)) -> 311 | L5: =IF(E5="","",MID(E5,3,3)) -> 113 | M5: =IF(E5="","",MID(E5,1,4)) -> 1311 | N5: =IF(E5="","",MID(E5,2,4)) -> 3113
A6: =ROW()-1 -> 5 | B6: =45291+ROW() -> 45297 | C6: =CHOOSE(WEEKDAY(B6,2),"T2","T3","T4","T5","T6","T7","CN") -> T7 | D6: 68586 | E6: =IF(D6="","",TEXT(D6,"00000")) -> 68586 | F6: =IF(E6="","",RIGHT(E6,2)) -> 86 | G6: =INT((ROW()-1)/7)+1 -> 1 | H6: =WEEKDAY(B6,2)+1 -> 7 | I6: =IF(D6="","",G6&"|"&H6) -> 1|7 | J6: =IF(E6="","",MID(E6,1,3)) -> 685 | K6: =IF(E6="","",MID(E6,2,3)) -> 858 | L6: =IF(E6="","",MID(E6,3,3)) -> 586 | M6: =IF(E6="","",MID(E6,1,4)) -> 6858 | N6: =IF(E6="","",MID(E6,2,4)) -> 8586
A7: =ROW()-1 -> 6 | B7: =45291+ROW() -> 45298 | C7: =CHOOSE(WEEKDAY(B7,2),"T2","T3","T4","T5","T6","T7","CN") -> CN | D7: 91138 | E7: =IF(D7="","",TEXT(D7,"00000")) -> 91138 | F7: =IF(E7="","",RIGHT(E7,2)) -> 38 | G7: =INT((ROW()-1)/7)+1 -> 1 | H7: =WEEKDAY(B7,2)+1 -> 8 | I7: =IF(D7="","",G7&"|"&H7) -> 1|8 | J7: =IF(E7="","",MID(E7,1,3)) -> 911 | K7: =IF(E7="","",MID(E7,2,3)) -> 113 | L7: =IF(E7="","",MID(E7,3,3)) -> 138 | M7: =IF(E7="","",MID(E7,1,4)) -> 9113 | N7: =IF(E7="","",MID(E7,2,4)) -> 1138
A8: =ROW()-1 -> 7 | B8: =45291+ROW() -> 45299 | C8: =CHOOSE(WEEKDAY(B8,2),"T2","T3","T4","T5","T6","T7","CN") -> T2 | D8: 63261 | E8: =IF(D8="","",TEXT(D8,"00000")) -> 63261 | F8: =IF(E8="","",RIGHT(E8,2)) -> 61 | G8: =INT((ROW()-1)/7)+1 -> 2 | H8: =WEEKDAY(B8,2)+1 -> 2 | I8: =IF(D8="","",G8&"|"&H8) -> 2|2 | J8: =IF(E8="","",MID(E8,1,3)) -> 632 | K8: =IF(E8="","",MID(E8,2,3)) -> 326 | L8: =IF(E8="","",MID(E8,3,3)) -> 261 | M8: =IF(E8="","",MID(E8,1,4)) -> 6326 | N8: =IF(E8="","",MID(E8,2,4)) -> 3261
A9: =ROW()-1 -> 8 | B9: =45291+ROW() -> 45300 | C9: =CHOOSE(WEEKDAY(B9,2),"T2","T3","T4","T5","T6","T7","CN") -> T3 | D9: 95539 | E9: =IF(D9="","",TEXT(D9,"00000")) -> 95539 | F9: =IF(E9="","",RIGHT(E9,2)) -> 39 | G9: =INT((ROW()-1)/7)+1 -> 2 | H9: =WEEKDAY(B9,2)+1 -> 3 | I9: =IF(D9="","",G9&"|"&H9) -> 2|3 | J9: =IF(E9="","",MID(E9,1,3)) -> 955 | K9: =IF(E9="","",MID(E9,2,3)) -> 553 | L9: =IF(E9="","",MID(E9,3,3)) -> 539 | M9: =IF(E9="","",MID(E9,1,4)) -> 9553 | N9: =IF(E9="","",MID(E9,2,4)) -> 5539
A10: =ROW()-1 -> 9 | B10: =45291+ROW() -> 45301 | C10: =CHOOSE(WEEKDAY(B10,2),"T2","T3","T4","T5","T6","T7","CN") -> T4 | D10: 76553 | E10: =IF(D10="","",TEXT(D10,"00000")) -> 76553 | F10: =IF(E10="","",RIGHT(E10,2)) -> 53 | G10: =INT((ROW()-1)/7)+1 -> 2 | H10: =WEEKDAY(B10,2)+1 -> 4 | I10: =IF(D10="","",G10&"|"&H10) -> 2|4 | J10: =IF(E10="","",MID(E10,1,3)) -> 765 | K10: =IF(E10="","",MID(E10,2,3)) -> 655 | L10: =IF(E10="","",MID(E10,3,3)) -> 553 | M10: =IF(E10="","",MID(E10,1,4)) -> 7655 | N10: =IF(E10="","",MID(E10,2,4)) -> 6553
A11: =ROW()-1 -> 10 | B11: =45291+ROW() -> 45302 | C11: =CHOOSE(WEEKDAY(B11,2),"T2","T3","T4","T5","T6","T7","CN") -> T5 | D11: 54998 | E11: =IF(D11="","",TEXT(D11,"00000")) -> 54998 | F11: =IF(E11="","",RIGHT(E11,2)) -> 98 | G11: =INT((ROW()-1)/7)+1 -> 2 | H11: =WEEKDAY(B11,2)+1 -> 5 | I11: =IF(D11="","",G11&"|"&H11) -> 2|5 | J11: =IF(E11="","",MID(E11,1,3)) -> 549 | K11: =IF(E11="","",MID(E11,2,3)) -> 499 | L11: =IF(E11="","",MID(E11,3,3)) -> 998 | M11: =IF(E11="","",MID(E11,1,4)) -> 5499 | N11: =IF(E11="","",MID(E11,2,4)) -> 4998
A12: =ROW()-1 -> 11 | B12: =45291+ROW() -> 45303 | C12: =CHOOSE(WEEKDAY(B12,2),"T2","T3","T4","T5","T6","T7","CN") -> T6 | D12: 14609 | E12: =IF(D12="","",TEXT(D12,"00000")) -> 14609 | F12: =IF(E12="","",RIGHT(E12,2)) -> 09 | G12: =INT((ROW()-1)/7)+1 -> 2 | H12: =WEEKDAY(B12,2)+1 -> 6 | I12: =IF(D12="","",G12&"|"&H12) -> 2|6 | J12: =IF(E12="","",MID(E12,1,3)) -> 146 | K12: =IF(E12="","",MID(E12,2,3)) -> 460 | L12: =IF(E12="","",MID(E12,3,3)) -> 609 | M12: =IF(E12="","",MID(E12,1,4)) -> 1460 | N12: =IF(E12="","",MID(E12,2,4)) -> 4609
A13: =ROW()-1 -> 12 | B13: =45291+ROW() -> 45304 | C13: =CHOOSE(WEEKDAY(B13,2),"T2","T3","T4","T5","T6","T7","CN") -> T7 | D13: 70964 | E13: =IF(D13="","",TEXT(D13,"00000")) -> 70964 | F13: =IF(E13="","",RIGHT(E13,2)) -> 64 | G13: =INT((ROW()-1)/7)+1 -> 2 | H13: =WEEKDAY(B13,2)+1 -> 7 | I13: =IF(D13="","",G13&"|"&H13) -> 2|7 | J13: =IF(E13="","",MID(E13,1,3)) -> 709 | K13: =IF(E13="","",MID(E13,2,3)) -> 096 | L13: =IF(E13="","",MID(E13,3,3)) -> 964 | M13: =IF(E13="","",MID(E13,1,4)) -> 7096 | N13: =IF(E13="","",MID(E13,2,4)) -> 0964
... A32: =ROW()-1 -> 31 | B32: =45291+ROW() -> 45323 | C32: =CHOOSE(WEEKDAY(B32,2),"T2","T3","T4","T5","T6","T7","CN") -> T5 | D32: 85852 | E32: =IF(D32="","",TEXT(D32,"00000")) -> 85852 | F32: =IF(E32="","",RIGHT(E32,2)) -> 52 | G32: =INT((ROW()-1)/7)+1 -> 5 | H32: =WEEKDAY(B32,2)+1 -> 5 | I32: =IF(D32="","",G32&"|"&H32) -> 5|5 | J32: =IF(E32="","",MID(E32,1,3)) -> 858 | K32: =IF(E32="","",MID(E32,2,3)) -> 585 | L32: =IF(E32="","",MID(E32,3,3)) -> 852 | M32: =IF(E32="","",MID(E32,1,4)) -> 8585 | N32: =IF(E32="","",MID(E32,2,4)) -> 5852
A33: =ROW()-1 -> 32 | B33: =45291+ROW() -> 45324 | C33: =CHOOSE(WEEKDAY(B33,2),"T2","T3","T4","T5","T6","T7","CN") -> T6 | E33: =IF(D33="","",TEXT(D33,"00000")) | F33: =IF(E33="","",RIGHT(E33,2)) | G33: =INT((ROW()-1)/7)+1 -> 5 | H33: =WEEKDAY(B33,2)+1 -> 6 | I33: =IF(D33="","",G33&"|"&H33) | J33: =IF(E33="","",MID(E33,1,3)) | K33: =IF(E33="","",MID(E33,2,3)) | L33: =IF(E33="","",MID(E33,3,3)) | M33: =IF(E33="","",MID(E33,1,4)) | N33: =IF(E33="","",MID(E33,2,4))
A34: =ROW()-1 -> 33 | B34: =45291+ROW() -> 45325 | C34: =CHOOSE(WEEKDAY(B34,2),"T2","T3","T4","T5","T6","T7","CN") -> T7 | E34: =IF(D34="","",TEXT(D34,"00000")) | F34: =IF(E34="","",RIGHT(E34,2)) | G34: =INT((ROW()-1)/7)+1 -> 5 | H34: =WEEKDAY(B34,2)+1 -> 7 | I34: =IF(D34="","",G34&"|"&H34) | J34: =IF(E34="","",MID(E34,1,3)) | K34: =IF(E34="","",MID(E34,2,3)) | L34: =IF(E34="","",MID(E34,3,3)) | M34: =IF(E34="","",MID(E34,1,4)) | N34: =IF(E34="","",MID(E34,2,4))
A35: =ROW()-1 -> 34 | B35: =45291+ROW() -> 45326 | C35: =CHOOSE(WEEKDAY(B35,2),"T2","T3","T4","T5","T6","T7","CN") -> CN | E35: =IF(D35="","",TEXT(D35,"00000")) | F35: =IF(E35="","",RIGHT(E35,2)) | G35: =INT((ROW()-1)/7)+1 -> 5 | H35: =WEEKDAY(B35,2)+1 -> 8 | I35: =IF(D35="","",G35&"|"&H35) | J35: =IF(E35="","",MID(E35,1,3)) | K35: =IF(E35="","",MID(E35,2,3)) | L35: =IF(E35="","",MID(E35,3,3)) | M35: =IF(E35="","",MID(E35,1,4)) | N35: =IF(E35="","",MID(E35,2,4))
A36: =ROW()-1 -> 35 | B36: =45291+ROW() -> 45327 | C36: =CHOOSE(WEEKDAY(B36,2),"T2","T3","T4","T5","T6","T7","CN") -> T2 | E36: =IF(D36="","",TEXT(D36,"00000")) | F36: =IF(E36="","",RIGHT(E36,2)) | G36: =INT((ROW()-1)/7)+1 -> 6 | H36: =WEEKDAY(B36,2)+1 -> 2 | I36: =IF(D36="","",G36&"|"&H36) | J36: =IF(E36="","",MID(E36,1,3)) | K36: =IF(E36="","",MID(E36,2,3)) | L36: =IF(E36="","",MID(E36,3,3)) | M36: =IF(E36="","",MID(E36,1,4)) | N36: =IF(E36="","",MID(E36,2,4))
A37: =ROW()-1 -> 36 | B37: =45291+ROW() -> 45328 | C37: =CHOOSE(WEEKDAY(B37,2),"T2","T3","T4","T5","T6","T7","CN") -> T3 | D37: 39100 | E37: =IF(D37="","",TEXT(D37,"00000")) -> 39100 | F37: =IF(E37="","",RIGHT(E37,2)) -> 00 | G37: =INT((ROW()-1)/7)+1 -> 6 | H37: =WEEKDAY(B37,2)+1 -> 3 | I37: =IF(D37="","",G37&"|"&H37) -> 6|3 | J37: =IF(E37="","",MID(E37,1,3)) -> 391 | K37: =IF(E37="","",MID(E37,2,3)) -> 910 | L37: =IF(E37="","",MID(E37,3,3)) -> 100 | M37: =IF(E37="","",MID(E37,1,4)) -> 3910 | N37: =IF(E37="","",MID(E37,2,4)) -> 9100
A38: =ROW()-1 -> 37 | B38: =45291+ROW() -> 45329 | C38: =CHOOSE(WEEKDAY(B38,2),"T2","T3","T4","T5","T6","T7","CN") -> T4 | D38: 17670 | E38: =IF(D38="","",TEXT(D38,"00000")) -> 17670 | F38: =IF(E38="","",RIGHT(E38,2)) -> 70 | G38: =INT((ROW()-1)/7)+1 -> 6 | H38: =WEEKDAY(B38,2)+1 -> 4 | I38: =IF(D38="","",G38&"|"&H38) -> 6|4 | J38: =IF(E38="","",MID(E38,1,3)) -> 176 | K38: =IF(E38="","",MID(E38,2,3)) -> 767 | L38: =IF(E38="","",MID(E38,3,3)) -> 670 | M38: =IF(E38="","",MID(E38,1,4)) -> 1767 | N38: =IF(E38="","",MID(E38,2,4)) -> 7670
A39: =ROW()-1 -> 38 | B39: =45291+ROW() -> 45330 | C39: =CHOOSE(WEEKDAY(B39,2),"T2","T3","T4","T5","T6","T7","CN") -> T5 | D39: 48331 | E39: =IF(D39="","",TEXT(D39,"00000")) -> 48331 | F39: =IF(E39="","",RIGHT(E39,2)) -> 31 | G39: =INT((ROW()-1)/7)+1 -> 6 | H39: =WEEKDAY(B39,2)+1 -> 5 | I39: =IF(D39="","",G39&"|"&H39) -> 6|5 | J39: =IF(E39="","",MID(E39,1,3)) -> 483 | K39: =IF(E39="","",MID(E39,2,3)) -> 833 | L39: =IF(E39="","",MID(E39,3,3)) -> 331 | M39: =IF(E39="","",MID(E39,1,4)) -> 4833 | N39: =IF(E39="","",MID(E39,2,4)) -> 8331
A40: =ROW()-1 -> 39 | B40: =45291+ROW() -> 45331 | C40: =CHOOSE(WEEKDAY(B40,2),"T2","T3","T4","T5","T6","T7","CN") -> T6 | E40: =IF(D40="","",TEXT(D40,"00000")) | F40: =IF(E40="","",RIGHT(E40,2)) | G40: =INT((ROW()-1)/7)+1 -> 6 | H40: =WEEKDAY(B40,2)+1 -> 6 | I40: =IF(D40="","",G40&"|"&H40) | J40: =IF(E40="","",MID(E40,1,3)) | K40: =IF(E40="","",MID(E40,2,3)) | L40: =IF(E40="","",MID(E40,3,3)) | M40: =IF(E40="","",MID(E40,1,4)) | N40: =IF(E40="","",MID(E40,2,4))
A41: =ROW()-1 -> 40 | B41: =45291+ROW() -> 45332 | C41: =CHOOSE(WEEKDAY(B41,2),"T2","T3","T4","T5","T6","T7","CN") -> T7 | E41: =IF(D41="","",TEXT(D41,"00000")) | F41: =IF(E41="","",RIGHT(E41,2)) | G41: =INT((ROW()-1)/7)+1 -> 6 | H41: =WEEKDAY(B41,2)+1 -> 7 | I41: =IF(D41="","",G41&"|"&H41) | J41: =IF(E41="","",MID(E41,1,3)) | K41: =IF(E41="","",MID(E41,2,3)) | L41: =IF(E41="","",MID(E41,3,3)) | M41: =IF(E41="","",MID(E41,1,4)) | N41: =IF(E41="","",MID(E41,2,4))
A42: =ROW()-1 -> 41 | B42: =45291+ROW() -> 45333 | C42: =CHOOSE(WEEKDAY(B42,2),"T2","T3","T4","T5","T6","T7","CN") -> CN | E42: =IF(D42="","",TEXT(D42,"00000")) | F42: =IF(E42="","",RIGHT(E42,2)) | G42: =INT((ROW()-1)/7)+1 -> 6 | H42: =WEEKDAY(B42,2)+1 -> 8 | I42: =IF(D42="","",G42&"|"&H42) | J42: =IF(E42="","",MID(E42,1,3)) | K42: =IF(E42="","",MID(E42,2,3)) | L42: =IF(E42="","",MID(E42,3,3)) | M42: =IF(E42="","",MID(E42,1,4)) | N42: =IF(E42="","",MID(E42,2,4))
A43: =ROW()-1 -> 42 | B43: =45291+ROW() -> 45334 | C43: =CHOOSE(WEEKDAY(B43,2),"T2","T3","T4","T5","T6","T7","CN") -> T2 | E43: =IF(D43="","",TEXT(D43,"00000")) | F43: =IF(E43="","",RIGHT(E43,2)) | G43: =INT((ROW()-1)/7)+1 -> 7 | H43: =WEEKDAY(B43,2)+1 -> 2 | I43: =IF(D43="","",G43&"|"&H43) | J43: =IF(E43="","",MID(E43,1,3)) | K43: =IF(E43="","",MID(E43,2,3)) | L43: =IF(E43="","",MID(E43,3,3)) | M43: =IF(E43="","",MID(E43,1,4)) | N43: =IF(E43="","",MID(E43,2,4))
A44: =ROW()-1 -> 43 | B44: =45291+ROW() -> 45335 | C44: =CHOOSE(WEEKDAY(B44,2),"T2","T3","T4","T5","T6","T7","CN") -> T3 | D44: 57406 | E44: =IF(D44="","",TEXT(D44,"00000")) -> 57406 | F44: =IF(E44="","",RIGHT(E44,2)) -> 06 | G44: =INT((ROW()-1)/7)+1 -> 7 | H44: =WEEKDAY(B44,2)+1 -> 3 | I44: =IF(D44="","",G44&"|"&H44) -> 7|3 | J44: =IF(E44="","",MID(E44,1,3)) -> 574 | K44: =IF(E44="","",MID(E44,2,3)) -> 740 | L44: =IF(E44="","",MID(E44,3,3)) -> 406 | M44: =IF(E44="","",MID(E44,1,4)) -> 5740 | N44: =IF(E44="","",MID(E44,2,4)) -> 7406
A45: =ROW()-1 -> 44 | B45: =45291+ROW() -> 45336 | C45: =CHOOSE(WEEKDAY(B45,2),"T2","T3","T4","T5","T6","T7","CN") -> T4 | D45: 99937 | E45: =IF(D45="","",TEXT(D45,"00000")) -> 99937 | F45: =IF(E45="","",RIGHT(E45,2)) -> 37 | G45: =INT((ROW()-1)/7)+1 -> 7 | H45: =WEEKDAY(B45,2)+1 -> 4 | I45: =IF(D45="","",G45&"|"&H45) -> 7|4 | J45: =IF(E45="","",MID(E45,1,3)) -> 999 | K45: =IF(E45="","",MID(E45,2,3)) -> 993 | L45: =IF(E45="","",MID(E45,3,3)) -> 937 | M45: =IF(E45="","",MID(E45,1,4)) -> 9993 | N45: =IF(E45="","",MID(E45,2,4)) -> 9937
A46: =ROW()-1 -> 45 | B46: =45291+ROW() -> 45337 | C46: =CHOOSE(WEEKDAY(B46,2),"T2","T3","T4","T5","T6","T7","CN") -> T5 | D46: 82488 | E46: =IF(D46="","",TEXT(D46,"00000")) -> 82488 | F46: =IF(E46="","",RIGHT(E46,2)) -> 88 | G46: =INT((ROW()-1)/7)+1 -> 7 | H46: =WEEKDAY(B46,2)+1 -> 5 | I46: =IF(D46="","",G46&"|"&H46) -> 7|5 | J46: =IF(E46="","",MID(E46,1,3)) -> 824 | K46: =IF(E46="","",MID(E46,2,3)) -> 248 | L46: =IF(E46="","",MID(E46,3,3)) -> 488 | M46: =IF(E46="","",MID(E46,1,4)) -> 8248 | N46: =IF(E46="","",MID(E46,2,4)) -> 2488
A47: =ROW()-1 -> 46 | B47: =45291+ROW() -> 45338 | C47: =CHOOSE(WEEKDAY(B47,2),"T2","T3","T4","T5","T6","T7","CN") -> T6 | D47: 16053 | E47: =IF(D47="","",TEXT(D47,"00000")) -> 16053 | F47: =IF(E47="","",RIGHT(E47,2)) -> 53 | G47: =INT((ROW()-1)/7)+1 -> 7 | H47: =WEEKDAY(B47,2)+1 -> 6 | I47: =IF(D47="","",G47&"|"&H47) -> 7|6 | J47: =IF(E47="","",MID(E47,1,3)) -> 160 | K47: =IF(E47="","",MID(E47,2,3)) -> 605 | L47: =IF(E47="","",MID(E47,3,3)) -> 053 | M47: =IF(E47="","",MID(E47,1,4)) -> 1605 | N47: =IF(E47="","",MID(E47,2,4)) -> 6053
A48: =ROW()-1 -> 47 | B48: =45291+ROW() -> 45339 | C48: =CHOOSE(WEEKDAY(B48,2),"T2","T3","T4","T5","T6","T7","CN") -> T7 | D48: 57333 | E48: =IF(D48="","",TEXT(D48,"00000")) -> 57333 | F48: =IF(E48="","",RIGHT(E48,2)) -> 33 | G48: =INT((ROW()-1)/7)+1 -> 7 | H48: =WEEKDAY(B48,2)+1 -> 7 | I48: =IF(D48="","",G48&"|"&H48) -> 7|7 | J48: =IF(E48="","",MID(E48,1,3)) -> 573 | K48: =IF(E48="","",MID(E48,2,3)) -> 733 | L48: =IF(E48="","",MID(E48,3,3)) -> 333 | M48: =IF(E48="","",MID(E48,1,4)) -> 5733 | N48: =IF(E48="","",MID(E48,2,4)) -> 7333
A49: =ROW()-1 -> 48 | B49: =45291+ROW() -> 45340 | C49: =CHOOSE(WEEKDAY(B49,2),"T2","T3","T4","T5","T6","T7","CN") -> CN | D49: 15545 | E49: =IF(D49="","",TEXT(D49,"00000")) -> 15545 | F49: =IF(E49="","",RIGHT(E49,2)) -> 45 | G49: =INT((ROW()-1)/7)+1 -> 7 | H49: =WEEKDAY(B49,2)+1 -> 8 | I49: =IF(D49="","",G49&"|"&H49) -> 7|8 | J49: =IF(E49="","",MID(E49,1,3)) -> 155 | K49: =IF(E49="","",MID(E49,2,3)) -> 554 | L49: =IF(E49="","",MID(E49,3,3)) -> 545 | M49: =IF(E49="","",MID(E49,1,4)) -> 1554 | N49: =IF(E49="","",MID(E49,2,4)) -> 5545
A50: =ROW()-1 -> 49 | B50: =45291+ROW() -> 45341 | C50: =CHOOSE(WEEKDAY(B50,2),"T2","T3","T4","T5","T6","T7","CN") -> T2 | D50: 27234 | E50: =IF(D50="","",TEXT(D50,"00000")) -> 27234 | F50: =IF(E50="","",RIGHT(E50,2)) -> 34 | G50: =INT((ROW()-1)/7)+1 -> 8 | H50: =WEEKDAY(B50,2)+1 -> 2 | I50: =IF(D50="","",G50&"|"&H50) -> 8|2 | J50: =IF(E50="","",MID(E50,1,3)) -> 272 | K50: =IF(E50="","",MID(E50,2,3)) -> 723 | L50: =IF(E50="","",MID(E50,3,3)) -> 234 | M50: =IF(E50="","",MID(E50,1,4)) -> 2723 | N50: =IF(E50="","",MID(E50,2,4)) -> 7234
A51: =ROW()-1 -> 50 | B51: =45291+ROW() -> 45342 | C51: =CHOOSE(WEEKDAY(B51,2),"T2","T3","T4","T5","T6","T7","CN") -> T3 | D51: 36209 | E51: =IF(D51="","",TEXT(D51,"00000")) -> 36209 | F51: =IF(E51="","",RIGHT(E51,2)) -> 09 | G51: =INT((ROW()-1)/7)+1 -> 8 | H51: =WEEKDAY(B51,2)+1 -> 3 | I51: =IF(D51="","",G51&"|"&H51) -> 8|3 | J51: =IF(E51="","",MID(E51,1,3)) -> 362 | K51: =IF(E51="","",MID(E51,2,3)) -> 620 | L51: =IF(E51="","",MID(E51,3,3)) -> 209 | M51: =IF(E51="","",MID(E51,1,4)) -> 3620 | N51: =IF(E51="","",MID(E51,2,4)) -> 6209
A52: =ROW()-1 -> 51 | B52: =45291+ROW() -> 45343 | C52: =CHOOSE(WEEKDAY(B52,2),"T2","T3","T4","T5","T6","T7","CN") -> T4 | D52: 77645 | E52: =IF(D52="","",TEXT(D52,"00000")) -> 77645 | F52: =IF(E52="","",RIGHT(E52,2)) -> 45 | G52: =INT((ROW()-1)/7)+1 -> 8 | H52: =WEEKDAY(B52,2)+1 -> 4 | I52: =IF(D52="","",G52&"|"&H52) -> 8|4 | J52: =IF(E52="","",MID(E52,1,3)) -> 776 | K52: =IF(E52="","",MID(E52,2,3)) -> 764 | L52: =IF(E52="","",MID(E52,3,3)) -> 645 | M52: =IF(E52="","",MID(E52,1,4)) -> 7764 | N52: =IF(E52="","",MID(E52,2,4)) -> 7645
A53: =ROW()-1 -> 52 | B53: =45291+ROW() -> 45344 | C53: =CHOOSE(WEEKDAY(B53,2),"T2","T3","T4","T5","T6","T7","CN") -> T5 | D53: 39648 | E53: =IF(D53="","",TEXT(D53,"00000")) -> 39648 | F53: =IF(E53="","",RIGHT(E53,2)) -> 48 | G53: =INT((ROW()-1)/7)+1 -> 8 | H53: =WEEKDAY(B53,2)+1 -> 5 | I53: =IF(D53="","",G53&"|"&H53) -> 8|5 | J53: =IF(E53="","",MID(E53,1,3)) -> 396 | K53: =IF(E53="","",MID(E53,2,3)) -> 964 | L53: =IF(E53="","",MID(E53,3,3)) -> 648 | M53: =IF(E53="","",MID(E53,1,4)) -> 3964 | N53: =IF(E53="","",MID(E53,2,4)) -> 9648
A54: =ROW()-1 -> 53 | B54: =45291+ROW() -> 45345 | C54: =CHOOSE(WEEKDAY(B54,2),"T2","T3","T4","T5","T6","T7","CN") -> T6 | D54: 71961 | E54: =IF(D54="","",TEXT(D54,"00000")) -> 71961 | F54: =IF(E54="","",RIGHT(E54,2)) -> 61 | G54: =INT((ROW()-1)/7)+1 -> 8 | H54: =WEEKDAY(B54,2)+1 -> 6 | I54: =IF(D54="","",G54&"|"&H54) -> 8|6 | J54: =IF(E54="","",MID(E54,1,3)) -> 719 | K54: =IF(E54="","",MID(E54,2,3)) -> 196 | L54: =IF(E54="","",MID(E54,3,3)) -> 961 | M54: =IF(E54="","",MID(E54,1,4)) -> 7196 | N54: =IF(E54="","",MID(E54,2,4)) -> 1961
A55: =ROW()-1 -> 54 | B55: =45291+ROW() -> 45346 | C55: =CHOOSE(WEEKDAY(B55,2),"T2","T3","T4","T5","T6","T7","CN") -> T7 | D55: 77433 | E55: =IF(D55="","",TEXT(D55,"00000")) -> 77433 | F55: =IF(E55="","",RIGHT(E55,2)) -> 33 | G55: =INT((ROW()-1)/7)+1 -> 8 | H55: =WEEKDAY(B55,2)+1 -> 7 | I55: =IF(D55="","",G55&"|"&H55) -> 8|7 | J55: =IF(E55="","",MID(E55,1,3)) -> 774 | K55: =IF(E55="","",MID(E55,2,3)) -> 743 | L55: =IF(E55="","",MID(E55,3,3)) -> 433 | M55: =IF(E55="","",MID(E55,1,4)) -> 7743 | N55: =IF(E55="","",MID(E55,2,4)) -> 7433
... A386: =ROW()-1 -> 385 | B386: =45291+ROW() -> 45677 | C386: =CHOOSE(WEEKDAY(B386,2),"T2","T3","T4","T5","T6","T7","CN") -> T2 | D386: 31409 | E386: =IF(D386="","",TEXT(D386,"00000")) -> 31409 | F386: =IF(E386="","",RIGHT(E386,2)) -> 09 | G386: =INT((ROW()-1)/7)+1 -> 56 | H386: =WEEKDAY(B386,2)+1 -> 2 | I386: =IF(D386="","",G386&"|"&H386) -> 56|2 | J386: =IF(E386="","",MID(E386,1,3)) -> 314 | K386: =IF(E386="","",MID(E386,2,3)) -> 140 | L386: =IF(E386="","",MID(E386,3,3)) -> 409 | M386: =IF(E386="","",MID(E386,1,4)) -> 3140 | N386: =IF(E386="","",MID(E386,2,4)) -> 1409
A387: =ROW()-1 -> 386 | B387: =45291+ROW() -> 45678 | C387: =CHOOSE(WEEKDAY(B387,2),"T2","T3","T4","T5","T6","T7","CN") -> T3 | E387: =IF(D387="","",TEXT(D387,"00000")) | F387: =IF(E387="","",RIGHT(E387,2)) | G387: =INT((ROW()-1)/7)+1 -> 56 | H387: =WEEKDAY(B387,2)+1 -> 3 | I387: =IF(D387="","",G387&"|"&H387) | J387: =IF(E387="","",MID(E387,1,3)) | K387: =IF(E387="","",MID(E387,2,3)) | L387: =IF(E387="","",MID(E387,3,3)) | M387: =IF(E387="","",MID(E387,1,4)) | N387: =IF(E387="","",MID(E387,2,4))
A388: =ROW()-1 -> 387 | B388: =45291+ROW() -> 45679 | C388: =CHOOSE(WEEKDAY(B388,2),"T2","T3","T4","T5","T6","T7","CN") -> T4 | E388: =IF(D388="","",TEXT(D388,"00000")) | F388: =IF(E388="","",RIGHT(E388,2)) | G388: =INT((ROW()-1)/7)+1 -> 56 | H388: =WEEKDAY(B388,2)+1 -> 4 | I388: =IF(D388="","",G388&"|"&H388) | J388: =IF(E388="","",MID(E388,1,3)) | K388: =IF(E388="","",MID(E388,2,3)) | L388: =IF(E388="","",MID(E388,3,3)) | M388: =IF(E388="","",MID(E388,1,4)) | N388: =IF(E388="","",MID(E388,2,4))
A389: =ROW()-1 -> 388 | B389: =45291+ROW() -> 45680 | C389: =CHOOSE(WEEKDAY(B389,2),"T2","T3","T4","T5","T6","T7","CN") -> T5 | E389: =IF(D389="","",TEXT(D389,"00000")) | F389: =IF(E389="","",RIGHT(E389,2)) | G389: =INT((ROW()-1)/7)+1 -> 56 | H389: =WEEKDAY(B389,2)+1 -> 5 | I389: =IF(D389="","",G389&"|"&H389) | J389: =IF(E389="","",MID(E389,1,3)) | K389: =IF(E389="","",MID(E389,2,3)) | L389: =IF(E389="","",MID(E389,3,3)) | M389: =IF(E389="","",MID(E389,1,4)) | N389: =IF(E389="","",MID(E389,2,4))
A390: =ROW()-1 -> 389 | B390: =45291+ROW() -> 45681 | C390: =CHOOSE(WEEKDAY(B390,2),"T2","T3","T4","T5","T6","T7","CN") -> T6 | E390: =IF(D390="","",TEXT(D390,"00000")) | F390: =IF(E390="","",RIGHT(E390,2)) | G390: =INT((ROW()-1)/7)+1 -> 56 | H390: =WEEKDAY(B390,2)+1 -> 6 | I390: =IF(D390="","",G390&"|"&H390) | J390: =IF(E390="","",MID(E390,1,3)) | K390: =IF(E390="","",MID(E390,2,3)) | L390: =IF(E390="","",MID(E390,3,3)) | M390: =IF(E390="","",MID(E390,1,4)) | N390: =IF(E390="","",MID(E390,2,4))
A391: =ROW()-1 -> 390 | B391: =45291+ROW() -> 45682 | C391: =CHOOSE(WEEKDAY(B391,2),"T2","T3","T4","T5","T6","T7","CN") -> T7 | D391: 05164 | E391: =IF(D391="","",TEXT(D391,"00000")) -> 05164 | F391: =IF(E391="","",RIGHT(E391,2)) -> 64 | G391: =INT((ROW()-1)/7)+1 -> 56 | H391: =WEEKDAY(B391,2)+1 -> 7 | I391: =IF(D391="","",G391&"|"&H391) -> 56|7 | J391: =IF(E391="","",MID(E391,1,3)) -> 051 | K391: =IF(E391="","",MID(E391,2,3)) -> 516 | L391: =IF(E391="","",MID(E391,3,3)) -> 164 | M391: =IF(E391="","",MID(E391,1,4)) -> 0516 | N391: =IF(E391="","",MID(E391,2,4)) -> 5164
A392: =ROW()-1 -> 391 | B392: =45291+ROW() -> 45683 | C392: =CHOOSE(WEEKDAY(B392,2),"T2","T3","T4","T5","T6","T7","CN") -> CN | D392: 61517 | E392: =IF(D392="","",TEXT(D392,"00000")) -> 61517 | F392: =IF(E392="","",RIGHT(E392,2)) -> 17 | G392: =INT((ROW()-1)/7)+1 -> 56 | H392: =WEEKDAY(B392,2)+1 -> 8 | I392: =IF(D392="","",G392&"|"&H392) -> 56|8 | J392: =IF(E392="","",MID(E392,1,3)) -> 615 | K392: =IF(E392="","",MID(E392,2,3)) -> 151 | L392: =IF(E392="","",MID(E392,3,3)) -> 517 | M392: =IF(E392="","",MID(E392,1,4)) -> 6151 | N392: =IF(E392="","",MID(E392,2,4)) -> 1517
A393: =ROW()-1 -> 392 | B393: =45291+ROW() -> 45684 | C393: =CHOOSE(WEEKDAY(B393,2),"T2","T3","T4","T5","T6","T7","CN") -> T2 | D393: 46386 | E393: =IF(D393="","",TEXT(D393,"00000")) -> 46386 | F393: =IF(E393="","",RIGHT(E393,2)) -> 86 | G393: =INT((ROW()-1)/7)+1 -> 57 | H393: =WEEKDAY(B393,2)+1 -> 2 | I393: =IF(D393="","",G393&"|"&H393) -> 57|2 | J393: =IF(E393="","",MID(E393,1,3)) -> 463 | K393: =IF(E393="","",MID(E393,2,3)) -> 638 | L393: =IF(E393="","",MID(E393,3,3)) -> 386 | M393: =IF(E393="","",MID(E393,1,4)) -> 4638 | N393: =IF(E393="","",MID(E393,2,4)) -> 6386
A394: =ROW()-1 -> 393 | B394: =45291+ROW() -> 45685 | C394: =CHOOSE(WEEKDAY(B394,2),"T2","T3","T4","T5","T6","T7","CN") -> T3 | E394: =IF(D394="","",TEXT(D394,"00000")) | F394: =IF(E394="","",RIGHT(E394,2)) | G394: =INT((ROW()-1)/7)+1 -> 57 | H394: =WEEKDAY(B394,2)+1 -> 3 | I394: =IF(D394="","",G394&"|"&H394) | J394: =IF(E394="","",MID(E394,1,3)) | K394: =IF(E394="","",MID(E394,2,3)) | L394: =IF(E394="","",MID(E394,3,3)) | M394: =IF(E394="","",MID(E394,1,4)) | N394: =IF(E394="","",MID(E394,2,4))
A395: =ROW()-1 -> 394 | B395: =45291+ROW() -> 45686 | C395: =CHOOSE(WEEKDAY(B395,2),"T2","T3","T4","T5","T6","T7","CN") -> T4 | E395: =IF(D395="","",TEXT(D395,"00000")) | F395: =IF(E395="","",RIGHT(E395,2)) | G395: =INT((ROW()-1)/7)+1 -> 57 | H395: =WEEKDAY(B395,2)+1 -> 4 | I395: =IF(D395="","",G395&"|"&H395) | J395: =IF(E395="","",MID(E395,1,3)) | K395: =IF(E395="","",MID(E395,2,3)) | L395: =IF(E395="","",MID(E395,3,3)) | M395: =IF(E395="","",MID(E395,1,4)) | N395: =IF(E395="","",MID(E395,2,4))
A396: =ROW()-1 -> 395 | B396: =45291+ROW() -> 45687 | C396: =CHOOSE(WEEKDAY(B396,2),"T2","T3","T4","T5","T6","T7","CN") -> T5 | E396: =IF(D396="","",TEXT(D396,"00000")) | F396: =IF(E396="","",RIGHT(E396,2)) | G396: =INT((ROW()-1)/7)+1 -> 57 | H396: =WEEKDAY(B396,2)+1 -> 5 | I396: =IF(D396="","",G396&"|"&H396) | J396: =IF(E396="","",MID(E396,1,3)) | K396: =IF(E396="","",MID(E396,2,3)) | L396: =IF(E396="","",MID(E396,3,3)) | M396: =IF(E396="","",MID(E396,1,4)) | N396: =IF(E396="","",MID(E396,2,4))
A397: =ROW()-1 -> 396 | B397: =45291+ROW() -> 45688 | C397: =CHOOSE(WEEKDAY(B397,2),"T2","T3","T4","T5","T6","T7","CN") -> T6 | E397: =IF(D397="","",TEXT(D397,"00000")) | F397: =IF(E397="","",RIGHT(E397,2)) | G397: =INT((ROW()-1)/7)+1 -> 57 | H397: =WEEKDAY(B397,2)+1 -> 6 | I397: =IF(D397="","",G397&"|"&H397) | J397: =IF(E397="","",MID(E397,1,3)) | K397: =IF(E397="","",MID(E397,2,3)) | L397: =IF(E397="","",MID(E397,3,3)) | M397: =IF(E397="","",MID(E397,1,4)) | N397: =IF(E397="","",MID(E397,2,4))
A398: =ROW()-1 -> 397 | B398: =45291+ROW() -> 45689 | C398: =CHOOSE(WEEKDAY(B398,2),"T2","T3","T4","T5","T6","T7","CN") -> T7 | D398: 54528 | E398: =IF(D398="","",TEXT(D398,"00000")) -> 54528 | F398: =IF(E398="","",RIGHT(E398,2)) -> 28 | G398: =INT((ROW()-1)/7)+1 -> 57 | H398: =WEEKDAY(B398,2)+1 -> 7 | I398: =IF(D398="","",G398&"|"&H398) -> 57|7 | J398: =IF(E398="","",MID(E398,1,3)) -> 545 | K398: =IF(E398="","",MID(E398,2,3)) -> 452 | L398: =IF(E398="","",MID(E398,3,3)) -> 528 | M398: =IF(E398="","",MID(E398,1,4)) -> 5452 | N398: =IF(E398="","",MID(E398,2,4)) -> 4528
A399: =ROW()-1 -> 398 | B399: =45291+ROW() -> 45690 | C399: =CHOOSE(WEEKDAY(B399,2),"T2","T3","T4","T5","T6","T7","CN") -> CN | D399: 64615 | E399: =IF(D399="","",TEXT(D399,"00000")) -> 64615 | F399: =IF(E399="","",RIGHT(E399,2)) -> 15 | G399: =INT((ROW()-1)/7)+1 -> 57 | H399: =WEEKDAY(B399,2)+1 -> 8 | I399: =IF(D399="","",G399&"|"&H399) -> 57|8 | J399: =IF(E399="","",MID(E399,1,3)) -> 646 | K399: =IF(E399="","",MID(E399,2,3)) -> 461 | L399: =IF(E399="","",MID(E399,3,3)) -> 615 | M399: =IF(E399="","",MID(E399,1,4)) -> 6461 | N399: =IF(E399="","",MID(E399,2,4)) -> 4615
A400: =ROW()-1 -> 399 | B400: =45291+ROW() -> 45691 | C400: =CHOOSE(WEEKDAY(B400,2),"T2","T3","T4","T5","T6","T7","CN") -> T2 | D400: 66686 | E400: =IF(D400="","",TEXT(D400,"00000")) -> 66686 | F400: =IF(E400="","",RIGHT(E400,2)) -> 86 | G400: =INT((ROW()-1)/7)+1 -> 58 | H400: =WEEKDAY(B400,2)+1 -> 2 | I400: =IF(D400="","",G400&"|"&H400) -> 58|2 | J400: =IF(E400="","",MID(E400,1,3)) -> 666 | K400: =IF(E400="","",MID(E400,2,3)) -> 668 | L400: =IF(E400="","",MID(E400,3,3)) -> 686 | M400: =IF(E400="","",MID(E400,1,4)) -> 6668 | N400: =IF(E400="","",MID(E400,2,4)) -> 6686
A401: =ROW()-1 -> 400 | B401: =45291+ROW() -> 45692 | C401: =CHOOSE(WEEKDAY(B401,2),"T2","T3","T4","T5","T6","T7","CN") -> T3 | D401: 58978 | E401: =IF(D401="","",TEXT(D401,"00000")) -> 58978 | F401: =IF(E401="","",RIGHT(E401,2)) -> 78 | G401: =INT((ROW()-1)/7)+1 -> 58 | H401: =WEEKDAY(B401,2)+1 -> 3 | I401: =IF(D401="","",G401&"|"&H401) -> 58|3 | J401: =IF(E401="","",MID(E401,1,3)) -> 589 | K401: =IF(E401="","",MID(E401,2,3)) -> 897 | L401: =IF(E401="","",MID(E401,3,3)) -> 978 | M401: =IF(E401="","",MID(E401,1,4)) -> 5897 | N401: =IF(E401="","",MID(E401,2,4)) -> 8978
A402: =ROW()-1 -> 401 | B402: =45291+ROW() -> 45693 | C402: =CHOOSE(WEEKDAY(B402,2),"T2","T3","T4","T5","T6","T7","CN") -> T4 | D402: 94132 | E402: =IF(D402="","",TEXT(D402,"00000")) -> 94132 | F402: =IF(E402="","",RIGHT(E402,2)) -> 32 | G402: =INT((ROW()-1)/7)+1 -> 58 | H402: =WEEKDAY(B402,2)+1 -> 4 | I402: =IF(D402="","",G402&"|"&H402) -> 58|4 | J402: =IF(E402="","",MID(E402,1,3)) -> 941 | K402: =IF(E402="","",MID(E402,2,3)) -> 413 | L402: =IF(E402="","",MID(E402,3,3)) -> 132 | M402: =IF(E402="","",MID(E402,1,4)) -> 9413 | N402: =IF(E402="","",MID(E402,2,4)) -> 4132
A403: =ROW()-1 -> 402 | B403: =45291+ROW() -> 45694 | C403: =CHOOSE(WEEKDAY(B403,2),"T2","T3","T4","T5","T6","T7","CN") -> T5 | D403: 97158 | E403: =IF(D403="","",TEXT(D403,"00000")) -> 97158 | F403: =IF(E403="","",RIGHT(E403,2)) -> 58 | G403: =INT((ROW()-1)/7)+1 -> 58 | H403: =WEEKDAY(B403,2)+1 -> 5 | I403: =IF(D403="","",G403&"|"&H403) -> 58|5 | J403: =IF(E403="","",MID(E403,1,3)) -> 971 | K403: =IF(E403="","",MID(E403,2,3)) -> 715 | L403: =IF(E403="","",MID(E403,3,3)) -> 158 | M403: =IF(E403="","",MID(E403,1,4)) -> 9715 | N403: =IF(E403="","",MID(E403,2,4)) -> 7158
A404: =ROW()-1 -> 403 | B404: =45291+ROW() -> 45695 | C404: =CHOOSE(WEEKDAY(B404,2),"T2","T3","T4","T5","T6","T7","CN") -> T6 | D404: 51690 | E404: =IF(D404="","",TEXT(D404,"00000")) -> 51690 | F404: =IF(E404="","",RIGHT(E404,2)) -> 90 | G404: =INT((ROW()-1)/7)+1 -> 58 | H404: =WEEKDAY(B404,2)+1 -> 6 | I404: =IF(D404="","",G404&"|"&H404) -> 58|6 | J404: =IF(E404="","",MID(E404,1,3)) -> 516 | K404: =IF(E404="","",MID(E404,2,3)) -> 169 | L404: =IF(E404="","",MID(E404,3,3)) -> 690 | M404: =IF(E404="","",MID(E404,1,4)) -> 5169 | N404: =IF(E404="","",MID(E404,2,4)) -> 1690
A405: =ROW()-1 -> 404 | B405: =45291+ROW() -> 45696 | C405: =CHOOSE(WEEKDAY(B405,2),"T2","T3","T4","T5","T6","T7","CN") -> T7 | D405: 75155 | E405: =IF(D405="","",TEXT(D405,"00000")) -> 75155 | F405: =IF(E405="","",RIGHT(E405,2)) -> 55 | G405: =INT((ROW()-1)/7)+1 -> 58 | H405: =WEEKDAY(B405,2)+1 -> 7 | I405: =IF(D405="","",G405&"|"&H405) -> 58|7 | J405: =IF(E405="","",MID(E405,1,3)) -> 751 | K405: =IF(E405="","",MID(E405,2,3)) -> 515 | L405: =IF(E405="","",MID(E405,3,3)) -> 155 | M405: =IF(E405="","",MID(E405,1,4)) -> 7515 | N405: =IF(E405="","",MID(E405,2,4)) -> 5155
A406: =ROW()-1 -> 405 | B406: =45291+ROW() -> 45697 | C406: =CHOOSE(WEEKDAY(B406,2),"T2","T3","T4","T5","T6","T7","CN") -> CN | D406: 25938 | E406: =IF(D406="","",TEXT(D406,"00000")) -> 25938 | F406: =IF(E406="","",RIGHT(E406,2)) -> 38 | G406: =INT((ROW()-1)/7)+1 -> 58 | H406: =WEEKDAY(B406,2)+1 -> 8 | I406: =IF(D406="","",G406&"|"&H406) -> 58|8 | J406: =IF(E406="","",MID(E406,1,3)) -> 259 | K406: =IF(E406="","",MID(E406,2,3)) -> 593 | L406: =IF(E406="","",MID(E406,3,3)) -> 938 | M406: =IF(E406="","",MID(E406,1,4)) -> 2593 | N406: =IF(E406="","",MID(E406,2,4)) -> 5938
A407: =ROW()-1 -> 406 | B407: =45291+ROW() -> 45698 | C407: =CHOOSE(WEEKDAY(B407,2),"T2","T3","T4","T5","T6","T7","CN") -> T2 | D407: 08798 | E407: =IF(D407="","",TEXT(D407,"00000")) -> 08798 | F407: =IF(E407="","",RIGHT(E407,2)) -> 98 | G407: =INT((ROW()-1)/7)+1 -> 59 | H407: =WEEKDAY(B407,2)+1 -> 2 | I407: =IF(D407="","",G407&"|"&H407) -> 59|2 | J407: =IF(E407="","",MID(E407,1,3)) -> 087 | K407: =IF(E407="","",MID(E407,2,3)) -> 879 | L407: =IF(E407="","",MID(E407,3,3)) -> 798 | M407: =IF(E407="","",MID(E407,1,4)) -> 0879 | N407: =IF(E407="","",MID(E407,2,4)) -> 8798
A408: =ROW()-1 -> 407 | B408: =45291+ROW() -> 45699 | C408: =CHOOSE(WEEKDAY(B408,2),"T2","T3","T4","T5","T6","T7","CN") -> T3 | D408: 14180 | E408: =IF(D408="","",TEXT(D408,"00000")) -> 14180 | F408: =IF(E408="","",RIGHT(E408,2)) -> 80 | G408: =INT((ROW()-1)/7)+1 -> 59 | H408: =WEEKDAY(B408,2)+1 -> 3 | I408: =IF(D408="","",G408&"|"&H408) -> 59|3 | J408: =IF(E408="","",MID(E408,1,3)) -> 141 | K408: =IF(E408="","",MID(E408,2,3)) -> 418 | L408: =IF(E408="","",MID(E408,3,3)) -> 180 | M408: =IF(E408="","",MID(E408,1,4)) -> 1418 | N408: =IF(E408="","",MID(E408,2,4)) -> 4180
A409: =ROW()-1 -> 408 | B409: =45291+ROW() -> 45700 | C409: =CHOOSE(WEEKDAY(B409,2),"T2","T3","T4","T5","T6","T7","CN") -> T4 | D409: 66521 | E409: =IF(D409="","",TEXT(D409,"00000")) -> 66521 | F409: =IF(E409="","",RIGHT(E409,2)) -> 21 | G409: =INT((ROW()-1)/7)+1 -> 59 | H409: =WEEKDAY(B409,2)+1 -> 4 | I409: =IF(D409="","",G409&"|"&H409) -> 59|4 | J409: =IF(E409="","",MID(E409,1,3)) -> 665 | K409: =IF(E409="","",MID(E409,2,3)) -> 652 | L409: =IF(E409="","",MID(E409,3,3)) -> 521 | M409: =IF(E409="","",MID(E409,1,4)) -> 6652 | N409: =IF(E409="","",MID(E409,2,4)) -> 6521
... A724: =ROW()-1 -> 723 | B724: =45291+ROW() -> 46015 | C724: =CHOOSE(WEEKDAY(B724,2),"T2","T3","T4","T5","T6","T7","CN") -> T4 | D724: 64960 | E724: =IF(D724="","",TEXT(D724,"00000")) -> 64960 | F724: =IF(E724="","",RIGHT(E724,2)) -> 60 | G724: =INT((ROW()-1)/7)+1 -> 104 | H724: =WEEKDAY(B724,2)+1 -> 4 | I724: =IF(D724="","",G724&"|"&H724) -> 104|4 | J724: =IF(E724="","",MID(E724,1,3)) -> 649 | K724: =IF(E724="","",MID(E724,2,3)) -> 496 | L724: =IF(E724="","",MID(E724,3,3)) -> 960 | M724: =IF(E724="","",MID(E724,1,4)) -> 6496 | N724: =IF(E724="","",MID(E724,2,4)) -> 4960
A725: =ROW()-1 -> 724 | B725: =45291+ROW() -> 46016 | C725: =CHOOSE(WEEKDAY(B725,2),"T2","T3","T4","T5","T6","T7","CN") -> T5 | E725: =IF(D725="","",TEXT(D725,"00000")) | F725: =IF(E725="","",RIGHT(E725,2)) | G725: =INT((ROW()-1)/7)+1 -> 104 | H725: =WEEKDAY(B725,2)+1 -> 5 | I725: =IF(D725="","",G725&"|"&H725) | J725: =IF(E725="","",MID(E725,1,3)) | K725: =IF(E725="","",MID(E725,2,3)) | L725: =IF(E725="","",MID(E725,3,3)) | M725: =IF(E725="","",MID(E725,1,4)) | N725: =IF(E725="","",MID(E725,2,4))
A726: =ROW()-1 -> 725 | B726: =45291+ROW() -> 46017 | C726: =CHOOSE(WEEKDAY(B726,2),"T2","T3","T4","T5","T6","T7","CN") -> T6 | E726: =IF(D726="","",TEXT(D726,"00000")) | F726: =IF(E726="","",RIGHT(E726,2)) | G726: =INT((ROW()-1)/7)+1 -> 104 | H726: =WEEKDAY(B726,2)+1 -> 6 | I726: =IF(D726="","",G726&"|"&H726) | J726: =IF(E726="","",MID(E726,1,3)) | K726: =IF(E726="","",MID(E726,2,3)) | L726: =IF(E726="","",MID(E726,3,3)) | M726: =IF(E726="","",MID(E726,1,4)) | N726: =IF(E726="","",MID(E726,2,4))
A727: =ROW()-1 -> 726 | B727: =45291+ROW() -> 46018 | C727: =CHOOSE(WEEKDAY(B727,2),"T2","T3","T4","T5","T6","T7","CN") -> T7 | E727: =IF(D727="","",TEXT(D727,"00000")) | F727: =IF(E727="","",RIGHT(E727,2)) | G727: =INT((ROW()-1)/7)+1 -> 104 | H727: =WEEKDAY(B727,2)+1 -> 7 | I727: =IF(D727="","",G727&"|"&H727) | J727: =IF(E727="","",MID(E727,1,3)) | K727: =IF(E727="","",MID(E727,2,3)) | L727: =IF(E727="","",MID(E727,3,3)) | M727: =IF(E727="","",MID(E727,1,4)) | N727: =IF(E727="","",MID(E727,2,4))
A728: =ROW()-1 -> 727 | B728: =45291+ROW() -> 46019 | C728: =CHOOSE(WEEKDAY(B728,2),"T2","T3","T4","T5","T6","T7","CN") -> CN | E728: =IF(D728="","",TEXT(D728,"00000")) | F728: =IF(E728="","",RIGHT(E728,2)) | G728: =INT((ROW()-1)/7)+1 -> 104 | H728: =WEEKDAY(B728,2)+1 -> 8 | I728: =IF(D728="","",G728&"|"&H728) | J728: =IF(E728="","",MID(E728,1,3)) | K728: =IF(E728="","",MID(E728,2,3)) | L728: =IF(E728="","",MID(E728,3,3)) | M728: =IF(E728="","",MID(E728,1,4)) | N728: =IF(E728="","",MID(E728,2,4))
A729: =ROW()-1 -> 728 | B729: =45291+ROW() -> 46020 | C729: =CHOOSE(WEEKDAY(B729,2),"T2","T3","T4","T5","T6","T7","CN") -> T2 | E729: =IF(D729="","",TEXT(D729,"00000")) | F729: =IF(E729="","",RIGHT(E729,2)) | G729: =INT((ROW()-1)/7)+1 -> 105 | H729: =WEEKDAY(B729,2)+1 -> 2 | I729: =IF(D729="","",G729&"|"&H729) | J729: =IF(E729="","",MID(E729,1,3)) | K729: =IF(E729="","",MID(E729,2,3)) | L729: =IF(E729="","",MID(E729,3,3)) | M729: =IF(E729="","",MID(E729,1,4)) | N729: =IF(E729="","",MID(E729,2,4))
A730: =ROW()-1 -> 729 | B730: =45291+ROW() -> 46021 | C730: =CHOOSE(WEEKDAY(B730,2),"T2","T3","T4","T5","T6","T7","CN") -> T3 | E730: =IF(D730="","",TEXT(D730,"00000")) | F730: =IF(E730="","",RIGHT(E730,2)) | G730: =INT((ROW()-1)/7)+1 -> 105 | H730: =WEEKDAY(B730,2)+1 -> 3 | I730: =IF(D730="","",G730&"|"&H730) | J730: =IF(E730="","",MID(E730,1,3)) | K730: =IF(E730="","",MID(E730,2,3)) | L730: =IF(E730="","",MID(E730,3,3)) | M730: =IF(E730="","",MID(E730,1,4)) | N730: =IF(E730="","",MID(E730,2,4))
A731: =ROW()-1 -> 730 | B731: =45291+ROW() -> 46022 | C731: =CHOOSE(WEEKDAY(B731,2),"T2","T3","T4","T5","T6","T7","CN") -> T4 | E731: =IF(D731="","",TEXT(D731,"00000")) | F731: =IF(E731="","",RIGHT(E731,2)) | G731: =INT((ROW()-1)/7)+1 -> 105 | H731: =WEEKDAY(B731,2)+1 -> 4 | I731: =IF(D731="","",G731&"|"&H731) | J731: =IF(E731="","",MID(E731,1,3)) | K731: =IF(E731="","",MID(E731,2,3)) | L731: =IF(E731="","",MID(E731,3,3)) | M731: =IF(E731="","",MID(E731,1,4)) | N731: =IF(E731="","",MID(E731,2,4))
A732: =ROW()-1 -> 731 | B732: =45291+ROW() -> 46023 | C732: =CHOOSE(WEEKDAY(B732,2),"T2","T3","T4","T5","T6","T7","CN") -> T5 | E732: =IF(D732="","",TEXT(D732,"00000")) | F732: =IF(E732="","",RIGHT(E732,2)) | G732: =INT((ROW()-1)/7)+1 -> 105 | H732: =WEEKDAY(B732,2)+1 -> 5 | I732: =IF(D732="","",G732&"|"&H732) | J732: =IF(E732="","",MID(E732,1,3)) | K732: =IF(E732="","",MID(E732,2,3)) | L732: =IF(E732="","",MID(E732,3,3)) | M732: =IF(E732="","",MID(E732,1,4)) | N732: =IF(E732="","",MID(E732,2,4))
A733: =ROW()-1 -> 732 | B733: =45291+ROW() -> 46024 | C733: =CHOOSE(WEEKDAY(B733,2),"T2","T3","T4","T5","T6","T7","CN") -> T6 | E733: =IF(D733="","",TEXT(D733,"00000")) | F733: =IF(E733="","",RIGHT(E733,2)) | G733: =INT((ROW()-1)/7)+1 -> 105 | H733: =WEEKDAY(B733,2)+1 -> 6 | I733: =IF(D733="","",G733&"|"&H733) | J733: =IF(E733="","",MID(E733,1,3)) | K733: =IF(E733="","",MID(E733,2,3)) | L733: =IF(E733="","",MID(E733,3,3)) | M733: =IF(E733="","",MID(E733,1,4)) | N733: =IF(E733="","",MID(E733,2,4))
A734: =ROW()-1 -> 733 | B734: =45291+ROW() -> 46025 | C734: =CHOOSE(WEEKDAY(B734,2),"T2","T3","T4","T5","T6","T7","CN") -> T7 | D734: 00949 | E734: =IF(D734="","",TEXT(D734,"00000")) -> 00949 | F734: =IF(E734="","",RIGHT(E734,2)) -> 49 | G734: =INT((ROW()-1)/7)+1 -> 105 | H734: =WEEKDAY(B734,2)+1 -> 7 | I734: =IF(D734="","",G734&"|"&H734) -> 105|7 | J734: =IF(E734="","",MID(E734,1,3)) -> 009 | K734: =IF(E734="","",MID(E734,2,3)) -> 094 | L734: =IF(E734="","",MID(E734,3,3)) -> 949 | M734: =IF(E734="","",MID(E734,1,4)) -> 0094 | N734: =IF(E734="","",MID(E734,2,4)) -> 0949
A735: =ROW()-1 -> 734 | B735: =45291+ROW() -> 46026 | C735: =CHOOSE(WEEKDAY(B735,2),"T2","T3","T4","T5","T6","T7","CN") -> CN | D735: 72397 | E735: =IF(D735="","",TEXT(D735,"00000")) -> 72397 | F735: =IF(E735="","",RIGHT(E735,2)) -> 97 | G735: =INT((ROW()-1)/7)+1 -> 105 | H735: =WEEKDAY(B735,2)+1 -> 8 | I735: =IF(D735="","",G735&"|"&H735) -> 105|8 | J735: =IF(E735="","",MID(E735,1,3)) -> 723 | K735: =IF(E735="","",MID(E735,2,3)) -> 239 | L735: =IF(E735="","",MID(E735,3,3)) -> 397 | M735: =IF(E735="","",MID(E735,1,4)) -> 7239 | N735: =IF(E735="","",MID(E735,2,4)) -> 2397
A736: =ROW()-1 -> 735 | B736: =45291+ROW() -> 46027 | C736: =CHOOSE(WEEKDAY(B736,2),"T2","T3","T4","T5","T6","T7","CN") -> T2 | D736: 70505 | E736: =IF(D736="","",TEXT(D736,"00000")) -> 70505 | F736: =IF(E736="","",RIGHT(E736,2)) -> 05 | G736: =INT((ROW()-1)/7)+1 -> 106 | H736: =WEEKDAY(B736,2)+1 -> 2 | I736: =IF(D736="","",G736&"|"&H736) -> 106|2 | J736: =IF(E736="","",MID(E736,1,3)) -> 705 | K736: =IF(E736="","",MID(E736,2,3)) -> 050 | L736: =IF(E736="","",MID(E736,3,3)) -> 505 | M736: =IF(E736="","",MID(E736,1,4)) -> 7050 | N736: =IF(E736="","",MID(E736,2,4)) -> 0505
A737: =ROW()-1 -> 736 | B737: =45291+ROW() -> 46028 | C737: =CHOOSE(WEEKDAY(B737,2),"T2","T3","T4","T5","T6","T7","CN") -> T3 | D737: 78447 | E737: =IF(D737="","",TEXT(D737,"00000")) -> 78447 | F737: =IF(E737="","",RIGHT(E737,2)) -> 47 | G737: =INT((ROW()-1)/7)+1 -> 106 | H737: =WEEKDAY(B737,2)+1 -> 3 | I737: =IF(D737="","",G737&"|"&H737) -> 106|3 | J737: =IF(E737="","",MID(E737,1,3)) -> 784 | K737: =IF(E737="","",MID(E737,2,3)) -> 844 | L737: =IF(E737="","",MID(E737,3,3)) -> 447 | M737: =IF(E737="","",MID(E737,1,4)) -> 7844 | N737: =IF(E737="","",MID(E737,2,4)) -> 8447
A738: =ROW()-1 -> 737 | B738: =45291+ROW() -> 46029 | C738: =CHOOSE(WEEKDAY(B738,2),"T2","T3","T4","T5","T6","T7","CN") -> T4 | D738: 14389 | E738: =IF(D738="","",TEXT(D738,"00000")) -> 14389 | F738: =IF(E738="","",RIGHT(E738,2)) -> 89 | G738: =INT((ROW()-1)/7)+1 -> 106 | H738: =WEEKDAY(B738,2)+1 -> 4 | I738: =IF(D738="","",G738&"|"&H738) -> 106|4 | J738: =IF(E738="","",MID(E738,1,3)) -> 143 | K738: =IF(E738="","",MID(E738,2,3)) -> 438 | L738: =IF(E738="","",MID(E738,3,3)) -> 389 | M738: =IF(E738="","",MID(E738,1,4)) -> 1438 | N738: =IF(E738="","",MID(E738,2,4)) -> 4389
A739: =ROW()-1 -> 738 | B739: =45291+ROW() -> 46030 | C739: =CHOOSE(WEEKDAY(B739,2),"T2","T3","T4","T5","T6","T7","CN") -> T5 | D739: 40162 | E739: =IF(D739="","",TEXT(D739,"00000")) -> 40162 | F739: =IF(E739="","",RIGHT(E739,2)) -> 62 | G739: =INT((ROW()-1)/7)+1 -> 106 | H739: =WEEKDAY(B739,2)+1 -> 5 | I739: =IF(D739="","",G739&"|"&H739) -> 106|5 | J739: =IF(E739="","",MID(E739,1,3)) -> 401 | K739: =IF(E739="","",MID(E739,2,3)) -> 016 | L739: =IF(E739="","",MID(E739,3,3)) -> 162 | M739: =IF(E739="","",MID(E739,1,4)) -> 4016 | N739: =IF(E739="","",MID(E739,2,4)) -> 0162
A740: =ROW()-1 -> 739 | B740: =45291+ROW() -> 46031 | C740: =CHOOSE(WEEKDAY(B740,2),"T2","T3","T4","T5","T6","T7","CN") -> T6 | D740: 39523 | E740: =IF(D740="","",TEXT(D740,"00000")) -> 39523 | F740: =IF(E740="","",RIGHT(E740,2)) -> 23 | G740: =INT((ROW()-1)/7)+1 -> 106 | H740: =WEEKDAY(B740,2)+1 -> 6 | I740: =IF(D740="","",G740&"|"&H740) -> 106|6 | J740: =IF(E740="","",MID(E740,1,3)) -> 395 | K740: =IF(E740="","",MID(E740,2,3)) -> 952 | L740: =IF(E740="","",MID(E740,3,3)) -> 523 | M740: =IF(E740="","",MID(E740,1,4)) -> 3952 | N740: =IF(E740="","",MID(E740,2,4)) -> 9523
A741: =ROW()-1 -> 740 | B741: =45291+ROW() -> 46032 | C741: =CHOOSE(WEEKDAY(B741,2),"T2","T3","T4","T5","T6","T7","CN") -> T7 | D741: 67793 | E741: =IF(D741="","",TEXT(D741,"00000")) -> 67793 | F741: =IF(E741="","",RIGHT(E741,2)) -> 93 | G741: =INT((ROW()-1)/7)+1 -> 106 | H741: =WEEKDAY(B741,2)+1 -> 7 | I741: =IF(D741="","",G741&"|"&H741) -> 106|7 | J741: =IF(E741="","",MID(E741,1,3)) -> 677 | K741: =IF(E741="","",MID(E741,2,3)) -> 779 | L741: =IF(E741="","",MID(E741,3,3)) -> 793 | M741: =IF(E741="","",MID(E741,1,4)) -> 6779 | N741: =IF(E741="","",MID(E741,2,4)) -> 7793
A742: =ROW()-1 -> 741 | B742: =45291+ROW() -> 46033 | C742: =CHOOSE(WEEKDAY(B742,2),"T2","T3","T4","T5","T6","T7","CN") -> CN | D742: 82438 | E742: =IF(D742="","",TEXT(D742,"00000")) -> 82438 | F742: =IF(E742="","",RIGHT(E742,2)) -> 38 | G742: =INT((ROW()-1)/7)+1 -> 106 | H742: =WEEKDAY(B742,2)+1 -> 8 | I742: =IF(D742="","",G742&"|"&H742) -> 106|8 | J742: =IF(E742="","",MID(E742,1,3)) -> 824 | K742: =IF(E742="","",MID(E742,2,3)) -> 243 | L742: =IF(E742="","",MID(E742,3,3)) -> 438 | M742: =IF(E742="","",MID(E742,1,4)) -> 8243 | N742: =IF(E742="","",MID(E742,2,4)) -> 2438
A743: =ROW()-1 -> 742 | B743: =45291+ROW() -> 46034 | C743: =CHOOSE(WEEKDAY(B743,2),"T2","T3","T4","T5","T6","T7","CN") -> T2 | D743: 31894 | E743: =IF(D743="","",TEXT(D743,"00000")) -> 31894 | F743: =IF(E743="","",RIGHT(E743,2)) -> 94 | G743: =INT((ROW()-1)/7)+1 -> 107 | H743: =WEEKDAY(B743,2)+1 -> 2 | I743: =IF(D743="","",G743&"|"&H743) -> 107|2 | J743: =IF(E743="","",MID(E743,1,3)) -> 318 | K743: =IF(E743="","",MID(E743,2,3)) -> 189 | L743: =IF(E743="","",MID(E743,3,3)) -> 894 | M743: =IF(E743="","",MID(E743,1,4)) -> 3189 | N743: =IF(E743="","",MID(E743,2,4)) -> 1894
A744: =ROW()-1 -> 743 | B744: =45291+ROW() -> 46035 | C744: =CHOOSE(WEEKDAY(B744,2),"T2","T3","T4","T5","T6","T7","CN") -> T3 | D744: 28027 | E744: =IF(D744="","",TEXT(D744,"00000")) -> 28027 | F744: =IF(E744="","",RIGHT(E744,2)) -> 27 | G744: =INT((ROW()-1)/7)+1 -> 107 | H744: =WEEKDAY(B744,2)+1 -> 3 | I744: =IF(D744="","",G744&"|"&H744) -> 107|3 | J744: =IF(E744="","",MID(E744,1,3)) -> 280 | K744: =IF(E744="","",MID(E744,2,3)) -> 802 | L744: =IF(E744="","",MID(E744,3,3)) -> 027 | M744: =IF(E744="","",MID(E744,1,4)) -> 2802 | N744: =IF(E744="","",MID(E744,2,4)) -> 8027
A745: =ROW()-1 -> 744 | B745: =45291+ROW() -> 46036 | C745: =CHOOSE(WEEKDAY(B745,2),"T2","T3","T4","T5","T6","T7","CN") -> T4 | D745: 02817 | E745: =IF(D745="","",TEXT(D745,"00000")) -> 02817 | F745: =IF(E745="","",RIGHT(E745,2)) -> 17 | G745: =INT((ROW()-1)/7)+1 -> 107 | H745: =WEEKDAY(B745,2)+1 -> 4 | I745: =IF(D745="","",G745&"|"&H745) -> 107|4 | J745: =IF(E745="","",MID(E745,1,3)) -> 028 | K745: =IF(E745="","",MID(E745,2,3)) -> 281 | L745: =IF(E745="","",MID(E745,3,3)) -> 817 | M745: =IF(E745="","",MID(E745,1,4)) -> 0281 | N745: =IF(E745="","",MID(E745,2,4)) -> 2817
... A777: =ROW()-1 -> 776 | B777: =45291+ROW() -> 46068 | C777: =CHOOSE(WEEKDAY(B777,2),"T2","T3","T4","T5","T6","T7","CN") -> CN | D777: 22601 | E777: =IF(D777="","",TEXT(D777,"00000")) -> 22601 | F777: =IF(E777="","",RIGHT(E777,2)) -> 01 | G777: =INT((ROW()-1)/7)+1 -> 111 | H777: =WEEKDAY(B777,2)+1 -> 8 | I777: =IF(D777="","",G777&"|"&H777) -> 111|8 | J777: =IF(E777="","",MID(E777,1,3)) -> 226 | K777: =IF(E777="","",MID(E777,2,3)) -> 260 | L777: =IF(E777="","",MID(E777,3,3)) -> 601 | M777: =IF(E777="","",MID(E777,1,4)) -> 2260 | N777: =IF(E777="","",MID(E777,2,4)) -> 2601
A778: =ROW()-1 -> 777 | B778: =45291+ROW() -> 46069 | C778: =CHOOSE(WEEKDAY(B778,2),"T2","T3","T4","T5","T6","T7","CN") -> T2 | E778: =IF(D778="","",TEXT(D778,"00000")) | F778: =IF(E778="","",RIGHT(E778,2)) | G778: =INT((ROW()-1)/7)+1 -> 112 | H778: =WEEKDAY(B778,2)+1 -> 2 | I778: =IF(D778="","",G778&"|"&H778) | J778: =IF(E778="","",MID(E778,1,3)) | K778: =IF(E778="","",MID(E778,2,3)) | L778: =IF(E778="","",MID(E778,3,3)) | M778: =IF(E778="","",MID(E778,1,4)) | N778: =IF(E778="","",MID(E778,2,4))
A779: =ROW()-1 -> 778 | B779: =45291+ROW() -> 46070 | C779: =CHOOSE(WEEKDAY(B779,2),"T2","T3","T4","T5","T6","T7","CN") -> T3 | E779: =IF(D779="","",TEXT(D779,"00000")) | F779: =IF(E779="","",RIGHT(E779,2)) | G779: =INT((ROW()-1)/7)+1 -> 112 | H779: =WEEKDAY(B779,2)+1 -> 3 | I779: =IF(D779="","",G779&"|"&H779) | J779: =IF(E779="","",MID(E779,1,3)) | K779: =IF(E779="","",MID(E779,2,3)) | L779: =IF(E779="","",MID(E779,3,3)) | M779: =IF(E779="","",MID(E779,1,4)) | N779: =IF(E779="","",MID(E779,2,4))
A780: =ROW()-1 -> 779 | B780: =45291+ROW() -> 46071 | C780: =CHOOSE(WEEKDAY(B780,2),"T2","T3","T4","T5","T6","T7","CN") -> T4 | E780: =IF(D780="","",TEXT(D780,"00000")) | F780: =IF(E780="","",RIGHT(E780,2)) | G780: =INT((ROW()-1)/7)+1 -> 112 | H780: =WEEKDAY(B780,2)+1 -> 4 | I780: =IF(D780="","",G780&"|"&H780) | J780: =IF(E780="","",MID(E780,1,3)) | K780: =IF(E780="","",MID(E780,2,3)) | L780: =IF(E780="","",MID(E780,3,3)) | M780: =IF(E780="","",MID(E780,1,4)) | N780: =IF(E780="","",MID(E780,2,4))
A781: =ROW()-1 -> 780 | B781: =45291+ROW() -> 46072 | C781: =CHOOSE(WEEKDAY(B781,2),"T2","T3","T4","T5","T6","T7","CN") -> T5 | E781: =IF(D781="","",TEXT(D781,"00000")) | F781: =IF(E781="","",RIGHT(E781,2)) | G781: =INT((ROW()-1)/7)+1 -> 112 | H781: =WEEKDAY(B781,2)+1 -> 5 | I781: =IF(D781="","",G781&"|"&H781) | J781: =IF(E781="","",MID(E781,1,3)) | K781: =IF(E781="","",MID(E781,2,3)) | L781: =IF(E781="","",MID(E781,3,3)) | M781: =IF(E781="","",MID(E781,1,4)) | N781: =IF(E781="","",MID(E781,2,4))
A782: =ROW()-1 -> 781 | B782: =45291+ROW() -> 46073 | C782: =CHOOSE(WEEKDAY(B782,2),"T2","T3","T4","T5","T6","T7","CN") -> T6 | D782: 36481 | E782: =IF(D782="","",TEXT(D782,"00000")) -> 36481 | F782: =IF(E782="","",RIGHT(E782,2)) -> 81 | G782: =INT((ROW()-1)/7)+1 -> 112 | H782: =WEEKDAY(B782,2)+1 -> 6 | I782: =IF(D782="","",G782&"|"&H782) -> 112|6 | J782: =IF(E782="","",MID(E782,1,3)) -> 364 | K782: =IF(E782="","",MID(E782,2,3)) -> 648 | L782: =IF(E782="","",MID(E782,3,3)) -> 481 | M782: =IF(E782="","",MID(E782,1,4)) -> 3648 | N782: =IF(E782="","",MID(E782,2,4)) -> 6481
A783: =ROW()-1 -> 782 | B783: =45291+ROW() -> 46074 | C783: =CHOOSE(WEEKDAY(B783,2),"T2","T3","T4","T5","T6","T7","CN") -> T7 | D783: 44413 | E783: =IF(D783="","",TEXT(D783,"00000")) -> 44413 | F783: =IF(E783="","",RIGHT(E783,2)) -> 13 | G783: =INT((ROW()-1)/7)+1 -> 112 | H783: =WEEKDAY(B783,2)+1 -> 7 | I783: =IF(D783="","",G783&"|"&H783) -> 112|7 | J783: =IF(E783="","",MID(E783,1,3)) -> 444 | K783: =IF(E783="","",MID(E783,2,3)) -> 441 | L783: =IF(E783="","",MID(E783,3,3)) -> 413 | M783: =IF(E783="","",MID(E783,1,4)) -> 4441 | N783: =IF(E783="","",MID(E783,2,4)) -> 4413
A784: =ROW()-1 -> 783 | B784: =45291+ROW() -> 46075 | C784: =CHOOSE(WEEKDAY(B784,2),"T2","T3","T4","T5","T6","T7","CN") -> CN | D784: 64512 | E784: =IF(D784="","",TEXT(D784,"00000")) -> 64512 | F784: =IF(E784="","",RIGHT(E784,2)) -> 12 | G784: =INT((ROW()-1)/7)+1 -> 112 | H784: =WEEKDAY(B784,2)+1 -> 8 | I784: =IF(D784="","",G784&"|"&H784) -> 112|8 | J784: =IF(E784="","",MID(E784,1,3)) -> 645 | K784: =IF(E784="","",MID(E784,2,3)) -> 451 | L784: =IF(E784="","",MID(E784,3,3)) -> 512 | M784: =IF(E784="","",MID(E784,1,4)) -> 6451 | N784: =IF(E784="","",MID(E784,2,4)) -> 4512
A785: =ROW()-1 -> 784 | B785: =45291+ROW() -> 46076 | C785: =CHOOSE(WEEKDAY(B785,2),"T2","T3","T4","T5","T6","T7","CN") -> T2 | D785: 67655 | E785: =IF(D785="","",TEXT(D785,"00000")) -> 67655 | F785: =IF(E785="","",RIGHT(E785,2)) -> 55 | G785: =INT((ROW()-1)/7)+1 -> 113 | H785: =WEEKDAY(B785,2)+1 -> 2 | I785: =IF(D785="","",G785&"|"&H785) -> 113|2 | J785: =IF(E785="","",MID(E785,1,3)) -> 676 | K785: =IF(E785="","",MID(E785,2,3)) -> 765 | L785: =IF(E785="","",MID(E785,3,3)) -> 655 | M785: =IF(E785="","",MID(E785,1,4)) -> 6765 | N785: =IF(E785="","",MID(E785,2,4)) -> 7655
A786: =ROW()-1 -> 785 | B786: =45291+ROW() -> 46077 | C786: =CHOOSE(WEEKDAY(B786,2),"T2","T3","T4","T5","T6","T7","CN") -> T3 | D786: 65037 | E786: =IF(D786="","",TEXT(D786,"00000")) -> 65037 | F786: =IF(E786="","",RIGHT(E786,2)) -> 37 | G786: =INT((ROW()-1)/7)+1 -> 113 | H786: =WEEKDAY(B786,2)+1 -> 3 | I786: =IF(D786="","",G786&"|"&H786) -> 113|3 | J786: =IF(E786="","",MID(E786,1,3)) -> 650 | K786: =IF(E786="","",MID(E786,2,3)) -> 503 | L786: =IF(E786="","",MID(E786,3,3)) -> 037 | M786: =IF(E786="","",MID(E786,1,4)) -> 6503 | N786: =IF(E786="","",MID(E786,2,4)) -> 5037
A787: =ROW()-1 -> 786 | B787: =45291+ROW() -> 46078 | C787: =CHOOSE(WEEKDAY(B787,2),"T2","T3","T4","T5","T6","T7","CN") -> T4 | D787: 48153 | E787: =IF(D787="","",TEXT(D787,"00000")) -> 48153 | F787: =IF(E787="","",RIGHT(E787,2)) -> 53 | G787: =INT((ROW()-1)/7)+1 -> 113 | H787: =WEEKDAY(B787,2)+1 -> 4 | I787: =IF(D787="","",G787&"|"&H787) -> 113|4 | J787: =IF(E787="","",MID(E787,1,3)) -> 481 | K787: =IF(E787="","",MID(E787,2,3)) -> 815 | L787: =IF(E787="","",MID(E787,3,3)) -> 153 | M787: =IF(E787="","",MID(E787,1,4)) -> 4815 | N787: =IF(E787="","",MID(E787,2,4)) -> 8153
A788: =ROW()-1 -> 787 | B788: =45291+ROW() -> 46079 | C788: =CHOOSE(WEEKDAY(B788,2),"T2","T3","T4","T5","T6","T7","CN") -> T5 | D788: 86408 | E788: =IF(D788="","",TEXT(D788,"00000")) -> 86408 | F788: =IF(E788="","",RIGHT(E788,2)) -> 08 | G788: =INT((ROW()-1)/7)+1 -> 113 | H788: =WEEKDAY(B788,2)+1 -> 5 | I788: =IF(D788="","",G788&"|"&H788) -> 113|5 | J788: =IF(E788="","",MID(E788,1,3)) -> 864 | K788: =IF(E788="","",MID(E788,2,3)) -> 640 | L788: =IF(E788="","",MID(E788,3,3)) -> 408 | M788: =IF(E788="","",MID(E788,1,4)) -> 8640 | N788: =IF(E788="","",MID(E788,2,4)) -> 6408
A789: =ROW()-1 -> 788 | B789: =45291+ROW() -> 46080 | C789: =CHOOSE(WEEKDAY(B789,2),"T2","T3","T4","T5","T6","T7","CN") -> T6 | D789: 13283 | E789: =IF(D789="","",TEXT(D789,"00000")) -> 13283 | F789: =IF(E789="","",RIGHT(E789,2)) -> 83 | G789: =INT((ROW()-1)/7)+1 -> 113 | H789: =WEEKDAY(B789,2)+1 -> 6 | I789: =IF(D789="","",G789&"|"&H789) -> 113|6 | J789: =IF(E789="","",MID(E789,1,3)) -> 132 | K789: =IF(E789="","",MID(E789,2,3)) -> 328 | L789: =IF(E789="","",MID(E789,3,3)) -> 283 | M789: =IF(E789="","",MID(E789,1,4)) -> 1328 | N789: =IF(E789="","",MID(E789,2,4)) -> 3283
A790: =ROW()-1 -> 789 | B790: =45291+ROW() -> 46081 | C790: =CHOOSE(WEEKDAY(B790,2),"T2","T3","T4","T5","T6","T7","CN") -> T7 | D790: 47891 | E790: =IF(D790="","",TEXT(D790,"00000")) -> 47891 | F790: =IF(E790="","",RIGHT(E790,2)) -> 91 | G790: =INT((ROW()-1)/7)+1 -> 113 | H790: =WEEKDAY(B790,2)+1 -> 7 | I790: =IF(D790="","",G790&"|"&H790) -> 113|7 | J790: =IF(E790="","",MID(E790,1,3)) -> 478 | K790: =IF(E790="","",MID(E790,2,3)) -> 789 | L790: =IF(E790="","",MID(E790,3,3)) -> 891 | M790: =IF(E790="","",MID(E790,1,4)) -> 4789 | N790: =IF(E790="","",MID(E790,2,4)) -> 7891
A791: =ROW()-1 -> 790 | B791: =45291+ROW() -> 46082 | C791: =CHOOSE(WEEKDAY(B791,2),"T2","T3","T4","T5","T6","T7","CN") -> CN | D791: 90148 | E791: =IF(D791="","",TEXT(D791,"00000")) -> 90148 | F791: =IF(E791="","",RIGHT(E791,2)) -> 48 | G791: =INT((ROW()-1)/7)+1 -> 113 | H791: =WEEKDAY(B791,2)+1 -> 8 | I791: =IF(D791="","",G791&"|"&H791) -> 113|8 | J791: =IF(E791="","",MID(E791,1,3)) -> 901 | K791: =IF(E791="","",MID(E791,2,3)) -> 014 | L791: =IF(E791="","",MID(E791,3,3)) -> 148 | M791: =IF(E791="","",MID(E791,1,4)) -> 9014 | N791: =IF(E791="","",MID(E791,2,4)) -> 0148
A792: =ROW()-1 -> 791 | B792: =45291+ROW() -> 46083 | C792: =CHOOSE(WEEKDAY(B792,2),"T2","T3","T4","T5","T6","T7","CN") -> T2 | D792: 75257 | E792: =IF(D792="","",TEXT(D792,"00000")) -> 75257 | F792: =IF(E792="","",RIGHT(E792,2)) -> 57 | G792: =INT((ROW()-1)/7)+1 -> 114 | H792: =WEEKDAY(B792,2)+1 -> 2 | I792: =IF(D792="","",G792&"|"&H792) -> 114|2 | J792: =IF(E792="","",MID(E792,1,3)) -> 752 | K792: =IF(E792="","",MID(E792,2,3)) -> 525 | L792: =IF(E792="","",MID(E792,3,3)) -> 257 | M792: =IF(E792="","",MID(E792,1,4)) -> 7525 | N792: =IF(E792="","",MID(E792,2,4)) -> 5257
A793: =ROW()-1 -> 792 | B793: =45291+ROW() -> 46084 | C793: =CHOOSE(WEEKDAY(B793,2),"T2","T3","T4","T5","T6","T7","CN") -> T3 | D793: 70078 | E793: =IF(D793="","",TEXT(D793,"00000")) -> 70078 | F793: =IF(E793="","",RIGHT(E793,2)) -> 78 | G793: =INT((ROW()-1)/7)+1 -> 114 | H793: =WEEKDAY(B793,2)+1 -> 3 | I793: =IF(D793="","",G793&"|"&H793) -> 114|3 | J793: =IF(E793="","",MID(E793,1,3)) -> 700 | K793: =IF(E793="","",MID(E793,2,3)) -> 007 | L793: =IF(E793="","",MID(E793,3,3)) -> 078 | M793: =IF(E793="","",MID(E793,1,4)) -> 7007 | N793: =IF(E793="","",MID(E793,2,4)) -> 0078
...

Sheet LOC_COPY
A1: LOC_COPY - TẠO DÀN 2D NGUỒN THEO NHÓM SỐ + TỔNG + CHẠM
A3: Tuần cần xem | B3: 137 | D3: Tuần lấy vị trí | E3: =B3-1 -> 136
A5: CÀI ĐẶT GHÉP
A6: Nhóm | B6: Số cố định | C6: Tổng bật | D6: Bật | E6: Ghi chú
A7: Nhóm 1 | B7: 23456 | E7: Lấy số có 1 trong 2 chữ số thuộc nhóm và tổng đơn vị thuộc Tổng bật
A8: Nhóm 2 | B8: 56789 | C8: 8913 | D8: X | E8: Tương tự nhóm 1
A9: Chạm chính | B9: 1236 | C9: Chỉ dùng để cộng điểm, không tự sinh thêm số
A10: Top 2D lấy | B10: 12
A12: KẾT QUẢ COPY NHANH
A13: Dàn 2D nguồn | B13: =K119 -> 08 09 17 18 26 27 29 35 36 38 45 47 49 53 54 56 58 62 63 65 67 71 72 74 76 80 81 83 85 90 92 94 99
A14: Dàn 2D nổi bật | B14: =L119 -> 17 18 26 27 29 35 36 38 53 56 62 63 65 67 71 72 76 81 83 92
A15: Số lượng nguồn | B15: =COUNTIF(F20:F119,TRUE()) -> 33
A16: Số lượng nổi bật | B16: =COUNTIF(J20:J119,"<>") -> 100
A19: STT | B19: Số 2D | C19: Tổng | D19: Nhóm 1 | E19: Nhóm 2 | F19: Nguồn | G19: Chạm chính | H19: Điểm 2D | I19: Dàn nguồn | J19: Top nổi bật
A20: 0 | B20: =TEXT(A20,"00") -> 00 | C20: =MOD(VALUE(LEFT(B20,1))+VALUE(RIGHT(B20,1)),10) -> 0 | D20: =AND($D$7="X",OR(ISNUMBER(SEARCH(LEFT(B20,1),$B$7)),ISNUMBER(SEARCH(RIGHT(B20,1),$B$7))),ISNUMBER(SEARCH(TEXT(C20,"0"),$C$7))) -> FALSE | E20: =AND($D$8="X",OR(ISNUMBER(SEARCH(LEFT(B20,1),$B$8)),ISNUMBER(SEARCH(RIGHT(B20,1),$B$8))),ISNUMBER(SEARCH(TEXT(C20,"0"),$C$8))) -> FALSE | F20: =OR(D20,E20) -> FALSE | G20: =OR(ISNUMBER(SEARCH(LEFT(B20,1),$B$9)),ISNUMBER(SEARCH(RIGHT(B20,1),$B$9))) -> FALSE | H20: =--D20+--E20+IF(AND(D20,E20),2,0)+--G20 -> 0 | I20: =IF(F20,B20,"") | J20: =IF(AND(F20,H20>=LARGE($H$20:$H$119,$B$10)),B20,"") | K20: =TRIM(K19&" "&I20) | L20: =TRIM(L19&" "&J20)
A21: 1 | B21: =TEXT(A21,"00") -> 01 | C21: =MOD(VALUE(LEFT(B21,1))+VALUE(RIGHT(B21,1)),10) -> 1 | D21: =AND($D$7="X",OR(ISNUMBER(SEARCH(LEFT(B21,1),$B$7)),ISNUMBER(SEARCH(RIGHT(B21,1),$B$7))),ISNUMBER(SEARCH(TEXT(C21,"0"),$C$7))) -> FALSE | E21: =AND($D$8="X",OR(ISNUMBER(SEARCH(LEFT(B21,1),$B$8)),ISNUMBER(SEARCH(RIGHT(B21,1),$B$8))),ISNUMBER(SEARCH(TEXT(C21,"0"),$C$8))) -> FALSE | F21: =OR(D21,E21) -> FALSE | G21: =OR(ISNUMBER(SEARCH(LEFT(B21,1),$B$9)),ISNUMBER(SEARCH(RIGHT(B21,1),$B$9))) -> TRUE | H21: =--D21+--E21+IF(AND(D21,E21),2,0)+--G21 -> 1 | I21: =IF(F21,B21,"") | J21: =IF(AND(F21,H21>=LARGE($H$20:$H$119,$B$10)),B21,"") | K21: =TRIM(K20&" "&I21) | L21: =TRIM(L20&" "&J21)
A22: 2 | B22: =TEXT(A22,"00") -> 02 | C22: =MOD(VALUE(LEFT(B22,1))+VALUE(RIGHT(B22,1)),10) -> 2 | D22: =AND($D$7="X",OR(ISNUMBER(SEARCH(LEFT(B22,1),$B$7)),ISNUMBER(SEARCH(RIGHT(B22,1),$B$7))),ISNUMBER(SEARCH(TEXT(C22,"0"),$C$7))) -> FALSE | E22: =AND($D$8="X",OR(ISNUMBER(SEARCH(LEFT(B22,1),$B$8)),ISNUMBER(SEARCH(RIGHT(B22,1),$B$8))),ISNUMBER(SEARCH(TEXT(C22,"0"),$C$8))) -> FALSE | F22: =OR(D22,E22) -> FALSE | G22: =OR(ISNUMBER(SEARCH(LEFT(B22,1),$B$9)),ISNUMBER(SEARCH(RIGHT(B22,1),$B$9))) -> TRUE | H22: =--D22+--E22+IF(AND(D22,E22),2,0)+--G22 -> 1 | I22: =IF(F22,B22,"") | J22: =IF(AND(F22,H22>=LARGE($H$20:$H$119,$B$10)),B22,"") | K22: =TRIM(K21&" "&I22) | L22: =TRIM(L21&" "&J22)
A23: 3 | B23: =TEXT(A23,"00") -> 03 | C23: =MOD(VALUE(LEFT(B23,1))+VALUE(RIGHT(B23,1)),10) -> 3 | D23: =AND($D$7="X",OR(ISNUMBER(SEARCH(LEFT(B23,1),$B$7)),ISNUMBER(SEARCH(RIGHT(B23,1),$B$7))),ISNUMBER(SEARCH(TEXT(C23,"0"),$C$7))) -> FALSE | E23: =AND($D$8="X",OR(ISNUMBER(SEARCH(LEFT(B23,1),$B$8)),ISNUMBER(SEARCH(RIGHT(B23,1),$B$8))),ISNUMBER(SEARCH(TEXT(C23,"0"),$C$8))) -> FALSE | F23: =OR(D23,E23) -> FALSE | G23: =OR(ISNUMBER(SEARCH(LEFT(B23,1),$B$9)),ISNUMBER(SEARCH(RIGHT(B23,1),$B$9))) -> TRUE | H23: =--D23+--E23+IF(AND(D23,E23),2,0)+--G23 -> 1 | I23: =IF(F23,B23,"") | J23: =IF(AND(F23,H23>=LARGE($H$20:$H$119,$B$10)),B23,"") | K23: =TRIM(K22&" "&I23) | L23: =TRIM(L22&" "&J23)
A24: 4 | B24: =TEXT(A24,"00") -> 04 | C24: =MOD(VALUE(LEFT(B24,1))+VALUE(RIGHT(B24,1)),10) -> 4 | D24: =AND($D$7="X",OR(ISNUMBER(SEARCH(LEFT(B24,1),$B$7)),ISNUMBER(SEARCH(RIGHT(B24,1),$B$7))),ISNUMBER(SEARCH(TEXT(C24,"0"),$C$7))) -> FALSE | E24: =AND($D$8="X",OR(ISNUMBER(SEARCH(LEFT(B24,1),$B$8)),ISNUMBER(SEARCH(RIGHT(B24,1),$B$8))),ISNUMBER(SEARCH(TEXT(C24,"0"),$C$8))) -> FALSE | F24: =OR(D24,E24) -> FALSE | G24: =OR(ISNUMBER(SEARCH(LEFT(B24,1),$B$9)),ISNUMBER(SEARCH(RIGHT(B24,1),$B$9))) -> FALSE | H24: =--D24+--E24+IF(AND(D24,E24),2,0)+--G24 -> 0 | I24: =IF(F24,B24,"") | J24: =IF(AND(F24,H24>=LARGE($H$20:$H$119,$B$10)),B24,"") | K24: =TRIM(K23&" "&I24) | L24: =TRIM(L23&" "&J24)
A25: 5 | B25: =TEXT(A25,"00") -> 05 | C25: =MOD(VALUE(LEFT(B25,1))+VALUE(RIGHT(B25,1)),10) -> 5 | D25: =AND($D$7="X",OR(ISNUMBER(SEARCH(LEFT(B25,1),$B$7)),ISNUMBER(SEARCH(RIGHT(B25,1),$B$7))),ISNUMBER(SEARCH(TEXT(C25,"0"),$C$7))) -> FALSE | E25: =AND($D$8="X",OR(ISNUMBER(SEARCH(LEFT(B25,1),$B$8)),ISNUMBER(SEARCH(RIGHT(B25,1),$B$8))),ISNUMBER(SEARCH(TEXT(C25,"0"),$C$8))) -> FALSE | F25: =OR(D25,E25) -> FALSE | G25: =OR(ISNUMBER(SEARCH(LEFT(B25,1),$B$9)),ISNUMBER(SEARCH(RIGHT(B25,1),$B$9))) -> FALSE | H25: =--D25+--E25+IF(AND(D25,E25),2,0)+--G25 -> 0 | I25: =IF(F25,B25,"") | J25: =IF(AND(F25,H25>=LARGE($H$20:$H$119,$B$10)),B25,"") | K25: =TRIM(K24&" "&I25) | L25: =TRIM(L24&" "&J25)
A26: 6 | B26: =TEXT(A26,"00") -> 06 | C26: =MOD(VALUE(LEFT(B26,1))+VALUE(RIGHT(B26,1)),10) -> 6 | D26: =AND($D$7="X",OR(ISNUMBER(SEARCH(LEFT(B26,1),$B$7)),ISNUMBER(SEARCH(RIGHT(B26,1),$B$7))),ISNUMBER(SEARCH(TEXT(C26,"0"),$C$7))) -> FALSE | E26: =AND($D$8="X",OR(ISNUMBER(SEARCH(LEFT(B26,1),$B$8)),ISNUMBER(SEARCH(RIGHT(B26,1),$B$8))),ISNUMBER(SEARCH(TEXT(C26,"0"),$C$8))) -> FALSE | F26: =OR(D26,E26) -> FALSE | G26: =OR(ISNUMBER(SEARCH(LEFT(B26,1),$B$9)),ISNUMBER(SEARCH(RIGHT(B26,1),$B$9))) -> TRUE | H26: =--D26+--E26+IF(AND(D26,E26),2,0)+--G26 -> 1 | I26: =IF(F26,B26,"") | J26: =IF(AND(F26,H26>=LARGE($H$20:$H$119,$B$10)),B26,"") | K26: =TRIM(K25&" "&I26) | L26: =TRIM(L25&" "&J26)
A27: 7 | B27: =TEXT(A27,"00") -> 07 | C27: =MOD(VALUE(LEFT(B27,1))+VALUE(RIGHT(B27,1)),10) -> 7 | D27: =AND($D$7="X",OR(ISNUMBER(SEARCH(LEFT(B27,1),$B$7)),ISNUMBER(SEARCH(RIGHT(B27,1),$B$7))),ISNUMBER(SEARCH(TEXT(C27,"0"),$C$7))) -> FALSE | E27: =AND($D$8="X",OR(ISNUMBER(SEARCH(LEFT(B27,1),$B$8)),ISNUMBER(SEARCH(RIGHT(B27,1),$B$8))),ISNUMBER(SEARCH(TEXT(C27,"0"),$C$8))) -> FALSE | F27: =OR(D27,E27) -> FALSE | G27: =OR(ISNUMBER(SEARCH(LEFT(B27,1),$B$9)),ISNUMBER(SEARCH(RIGHT(B27,1),$B$9))) -> FALSE | H27: =--D27+--E27+IF(AND(D27,E27),2,0)+--G27 -> 0 | I27: =IF(F27,B27,"") | J27: =IF(AND(F27,H27>=LARGE($H$20:$H$119,$B$10)),B27,"") | K27: =TRIM(K26&" "&I27) | L27: =TRIM(L26&" "&J27)
A28: 8 | B28: =TEXT(A28,"00") -> 08 | C28: =MOD(VALUE(LEFT(B28,1))+VALUE(RIGHT(B28,1)),10) -> 8 | D28: =AND($D$7="X",OR(ISNUMBER(SEARCH(LEFT(B28,1),$B$7)),ISNUMBER(SEARCH(RIGHT(B28,1),$B$7))),ISNUMBER(SEARCH(TEXT(C28,"0"),$C$7))) -> FALSE | E28: =AND($D$8="X",OR(ISNUMBER(SEARCH(LEFT(B28,1),$B$8)),ISNUMBER(SEARCH(RIGHT(B28,1),$B$8))),ISNUMBER(SEARCH(TEXT(C28,"0"),$C$8))) -> TRUE | F28: =OR(D28,E28) -> TRUE | G28: =OR(ISNUMBER(SEARCH(LEFT(B28,1),$B$9)),ISNUMBER(SEARCH(RIGHT(B28,1),$B$9))) -> FALSE | H28: =--D28+--E28+IF(AND(D28,E28),2,0)+--G28 -> 1 | I28: =IF(F28,B28,"") -> 08 | J28: =IF(AND(F28,H28>=LARGE($H$20:$H$119,$B$10)),B28,"") | K28: =TRIM(K27&" "&I28) -> 08 | L28: =TRIM(L27&" "&J28)
A29: 9 | B29: =TEXT(A29,"00") -> 09 | C29: =MOD(VALUE(LEFT(B29,1))+VALUE(RIGHT(B29,1)),10) -> 9 | D29: =AND($D$7="X",OR(ISNUMBER(SEARCH(LEFT(B29,1),$B$7)),ISNUMBER(SEARCH(RIGHT(B29,1),$B$7))),ISNUMBER(SEARCH(TEXT(C29,"0"),$C$7))) -> FALSE | E29: =AND($D$8="X",OR(ISNUMBER(SEARCH(LEFT(B29,1),$B$8)),ISNUMBER(SEARCH(RIGHT(B29,1),$B$8))),ISNUMBER(SEARCH(TEXT(C29,"0"),$C$8))) -> TRUE | F29: =OR(D29,E29) -> TRUE | G29: =OR(ISNUMBER(SEARCH(LEFT(B29,1),$B$9)),ISNUMBER(SEARCH(RIGHT(B29,1),$B$9))) -> FALSE | H29: =--D29+--E29+IF(AND(D29,E29),2,0)+--G29 -> 1 | I29: =IF(F29,B29,"") -> 09 | J29: =IF(AND(F29,H29>=LARGE($H$20:$H$119,$B$10)),B29,"") | K29: =TRIM(K28&" "&I29) -> 08 09 | L29: =TRIM(L28&" "&J29)
A30: 10 | B30: =TEXT(A30,"00") -> 10 | C30: =MOD(VALUE(LEFT(B30,1))+VALUE(RIGHT(B30,1)),10) -> 1 | D30: =AND($D$7="X",OR(ISNUMBER(SEARCH(LEFT(B30,1),$B$7)),ISNUMBER(SEARCH(RIGHT(B30,1),$B$7))),ISNUMBER(SEARCH(TEXT(C30,"0"),$C$7))) -> FALSE | E30: =AND($D$8="X",OR(ISNUMBER(SEARCH(LEFT(B30,1),$B$8)),ISNUMBER(SEARCH(RIGHT(B30,1),$B$8))),ISNUMBER(SEARCH(TEXT(C30,"0"),$C$8))) -> FALSE | F30: =OR(D30,E30) -> FALSE | G30: =OR(ISNUMBER(SEARCH(LEFT(B30,1),$B$9)),ISNUMBER(SEARCH(RIGHT(B30,1),$B$9))) -> TRUE | H30: =--D30+--E30+IF(AND(D30,E30),2,0)+--G30 -> 1 | I30: =IF(F30,B30,"") | J30: =IF(AND(F30,H30>=LARGE($H$20:$H$119,$B$10)),B30,"") | K30: =TRIM(K29&" "&I30) -> 08 09 | L30: =TRIM(L29&" "&J30)
A31: 11 | B31: =TEXT(A31,"00") -> 11 | C31: =MOD(VALUE(LEFT(B31,1))+VALUE(RIGHT(B31,1)),10) -> 2 | D31: =AND($D$7="X",OR(ISNUMBER(SEARCH(LEFT(B31,1),$B$7)),ISNUMBER(SEARCH(RIGHT(B31,1),$B$7))),ISNUMBER(SEARCH(TEXT(C31,"0"),$C$7))) -> FALSE | E31: =AND($D$8="X",OR(ISNUMBER(SEARCH(LEFT(B31,1),$B$8)),ISNUMBER(SEARCH(RIGHT(B31,1),$B$8))),ISNUMBER(SEARCH(TEXT(C31,"0"),$C$8))) -> FALSE | F31: =OR(D31,E31) -> FALSE | G31: =OR(ISNUMBER(SEARCH(LEFT(B31,1),$B$9)),ISNUMBER(SEARCH(RIGHT(B31,1),$B$9))) -> TRUE | H31: =--D31+--E31+IF(AND(D31,E31),2,0)+--G31 -> 1 | I31: =IF(F31,B31,"") | J31: =IF(AND(F31,H31>=LARGE($H$20:$H$119,$B$10)),B31,"") | K31: =TRIM(K30&" "&I31) -> 08 09 | L31: =TRIM(L30&" "&J31)
... A119: 99 | B119: =TEXT(A119,"00") -> 99 | C119: =MOD(VALUE(LEFT(B119,1))+VALUE(RIGHT(B119,1)),10) -> 8 | D119: =AND($D$7="X",OR(ISNUMBER(SEARCH(LEFT(B119,1),$B$7)),ISNUMBER(SEARCH(RIGHT(B119,1),$B$7))),ISNUMBER(SEARCH(TEXT(C119,"0"),$C$7))) -> FALSE | E119: =AND($D$8="X",OR(ISNUMBER(SEARCH(LEFT(B119,1),$B$8)),ISNUMBER(SEARCH(RIGHT(B119,1),$B$8))),ISNUMBER(SEARCH(TEXT(C119,"0"),$C$8))) -> TRUE | F119: =OR(D119,E119) -> TRUE | G119: =OR(ISNUMBER(SEARCH(LEFT(B119,1),$B$9)),ISNUMBER(SEARCH(RIGHT(B119,1),$B$9))) -> FALSE | H119: =--D119+--E119+IF(AND(D119,E119),2,0)+--G119 -> 1 | I119: =IF(F119,B119,"") -> 99 | J119: =IF(AND(F119,H119>=LARGE($H$20:$H$119,$B$10)),B119,"") | K119: =TRIM(K118&" "&I119) -> 08 09 17 18 26 27 29 35 36 38 45 47 49 53 54 56 58 62 63 65 67 71 72 74 76 80 81 83 85 90 92 94 99 | L119: =TRIM(L118&" "&J119) -> 17 18 26 27 29 35 36 38 53 56 62 63 65 67 71 72 76 81 83 92
D130: 3489

Sheet VI_TRI_GHEP
A1: VI_TRI_GHEP - VỊ TRÍ 3D/4D LẤY TỪ TUẦN TRƯỚC
A2: Tuần cần xem N sẽ lấy vị trí của tuần N-1. Công thức lấy theo DATA_NHAP.
A3: Tuần | B3: 3D-1 T2-P2 | C3: 3D-2 T3-P4 | D3: 3D-3 T4-P5 | E3: 3D-4 T5-P5 | F3: 3D-5 T6-P2 | G3: 3D-6 T7-P2 | H3: 4D-1 T3-P4 | I3: 4D-2 T7-P4 | J3: 4D-3 CN-P2 | K3: 4D-4 CN-P3 | L3: 4D-5 CN-P4
A4: 1 | B4: {=IFERROR(MID(INDEX(DATA_NHAP!$E:$E,MATCH($A4&"|2",DATA_NHAP!$I:$I,0)),2,1),"")} | C4: {=IFERROR(MID(INDEX(DATA_NHAP!$E:$E,MATCH($A4&"|3",DATA_NHAP!$I:$I,0)),4,1),"")} -> 7 | D4: {=IFERROR(MID(INDEX(DATA_NHAP!$E:$E,MATCH($A4&"|4",DATA_NHAP!$I:$I,0)),5,1),"")} -> 2 | E4: {=IFERROR(MID(INDEX(DATA_NHAP!$E:$E,MATCH($A4&"|5",DATA_NHAP!$I:$I,0)),5,1),"")} -> 5 | F4: {=IFERROR(MID(INDEX(DATA_NHAP!$E:$E,MATCH($A4&"|6",DATA_NHAP!$I:$I,0)),2,1),"")} -> 3 | G4: {=IFERROR(MID(INDEX(DATA_NHAP!$E:$E,MATCH($A4&"|7",DATA_NHAP!$I:$I,0)),2,1),"")} -> 8 | H4: {=IFERROR(MID(INDEX(DATA_NHAP!$E:$E,MATCH($A4&"|3",DATA_NHAP!$I:$I,0)),4,1),"")} -> 7 | I4: {=IFERROR(MID(INDEX(DATA_NHAP!$E:$E,MATCH($A4&"|7",DATA_NHAP!$I:$I,0)),4,1),"")} -> 8 | J4: {=IFERROR(MID(INDEX(DATA_NHAP!$E:$E,MATCH($A4&"|8",DATA_NHAP!$I:$I,0)),2,1),"")} -> 1 | K4: {=IFERROR(MID(INDEX(DATA_NHAP!$E:$E,MATCH($A4&"|8",DATA_NHAP!$I:$I,0)),3,1),"")} -> 1 | L4: {=IFERROR(MID(INDEX(DATA_NHAP!$E:$E,MATCH($A4&"|8",DATA_NHAP!$I:$I,0)),4,1),"")} -> 3
A5: 2 | B5: {=IFERROR(MID(INDEX(DATA_NHAP!$E:$E,MATCH($A5&"|2",DATA_NHAP!$I:$I,0)),2,1),"")} -> 3 | C5: {=IFERROR(MID(INDEX(DATA_NHAP!$E:$E,MATCH($A5&"|3",DATA_NHAP!$I:$I,0)),4,1),"")} -> 3 | D5: {=IFERROR(MID(INDEX(DATA_NHAP!$E:$E,MATCH($A5&"|4",DATA_NHAP!$I:$I,0)),5,1),"")} -> 3 | E5: {=IFERROR(MID(INDEX(DATA_NHAP!$E:$E,MATCH($A5&"|5",DATA_NHAP!$I:$I,0)),5,1),"")} -> 8 | F5: {=IFERROR(MID(INDEX(DATA_NHAP!$E:$E,MATCH($A5&"|6",DATA_NHAP!$I:$I,0)),2,1),"")} -> 4 | G5: {=IFERROR(MID(INDEX(DATA_NHAP!$E:$E,MATCH($A5&"|7",DATA_NHAP!$I:$I,0)),2,1),"")} -> 0 | H5: {=IFERROR(MID(INDEX(DATA_NHAP!$E:$E,MATCH($A5&"|3",DATA_NHAP!$I:$I,0)),4,1),"")} -> 3 | I5: {=IFERROR(MID(INDEX(DATA_NHAP!$E:$E,MATCH($A5&"|7",DATA_NHAP!$I:$I,0)),4,1),"")} -> 6 | J5: {=IFERROR(MID(INDEX(DATA_NHAP!$E:$E,MATCH($A5&"|8",DATA_NHAP!$I:$I,0)),2,1),"")} -> 5 | K5: {=IFERROR(MID(INDEX(DATA_NHAP!$E:$E,MATCH($A5&"|8",DATA_NHAP!$I:$I,0)),3,1),"")} -> 8 | L5: {=IFERROR(MID(INDEX(DATA_NHAP!$E:$E,MATCH($A5&"|8",DATA_NHAP!$I:$I,0)),4,1),"")} -> 1
A6: 3 | B6: {=IFERROR(MID(INDEX(DATA_NHAP!$E:$E,MATCH($A6&"|2",DATA_NHAP!$I:$I,0)),2,1),"")} -> 6 | C6: {=IFERROR(MID(INDEX(DATA_NHAP!$E:$E,MATCH($A6&"|3",DATA_NHAP!$I:$I,0)),4,1),"")} -> 4 | D6: {=IFERROR(MID(INDEX(DATA_NHAP!$E:$E,MATCH($A6&"|4",DATA_NHAP!$I:$I,0)),5,1),"")} -> 1 | E6: {=IFERROR(MID(INDEX(DATA_NHAP!$E:$E,MATCH($A6&"|5",DATA_NHAP!$I:$I,0)),5,1),"")} -> 5 | F6: {=IFERROR(MID(INDEX(DATA_NHAP!$E:$E,MATCH($A6&"|6",DATA_NHAP!$I:$I,0)),2,1),"")} -> 0 | G6: {=IFERROR(MID(INDEX(DATA_NHAP!$E:$E,MATCH($A6&"|7",DATA_NHAP!$I:$I,0)),2,1),"")} -> 1 | H6: {=IFERROR(MID(INDEX(DATA_NHAP!$E:$E,MATCH($A6&"|3",DATA_NHAP!$I:$I,0)),4,1),"")} -> 4 | I6: {=IFERROR(MID(INDEX(DATA_NHAP!$E:$E,MATCH($A6&"|7",DATA_NHAP!$I:$I,0)),4,1),"")} -> 7 | J6: {=IFERROR(MID(INDEX(DATA_NHAP!$E:$E,MATCH($A6&"|8",DATA_NHAP!$I:$I,0)),2,1),"")} -> 8 | K6: {=IFERROR(MID(INDEX(DATA_NHAP!$E:$E,MATCH($A6&"|8",DATA_NHAP!$I:$I,0)),3,1),"")} -> 2 | L6: {=IFERROR(MID(INDEX(DATA_NHAP!$E:$E,MATCH($A6&"|8",DATA_NHAP!$I:$I,0)),4,1),"")} -> 7
A7: 4 | B7: {=IFERROR(MID(INDEX(DATA_NHAP!$E:$E,MATCH($A7&"|2",DATA_NHAP!$I:$I,0)),2,1),"")} -> 5 | C7: {=IFERROR(MID(INDEX(DATA_NHAP!$E:$E,MATCH($A7&"|3",DATA_NHAP!$I:$I,0)),4,1),"")} -> 2 | D7: {=IFERROR(MID(INDEX(DATA_NHAP!$E:$E,MATCH($A7&"|4",DATA_NHAP!$I:$I,0)),5,1),"")} -> 6 | E7: {=IFERROR(MID(INDEX(DATA_NHAP!$E:$E,MATCH($A7&"|5",DATA_NHAP!$I:$I,0)),5,1),"")} -> 4 | F7: {=IFERROR(MID(INDEX(DATA_NHAP!$E:$E,MATCH($A7&"|6",DATA_NHAP!$I:$I,0)),2,1),"")} -> 8 | G7: {=IFERROR(MID(INDEX(DATA_NHAP!$E:$E,MATCH($A7&"|7",DATA_NHAP!$I:$I,0)),2,1),"")} -> 3 | H7: {=IFERROR(MID(INDEX(DATA_NHAP!$E:$E,MATCH($A7&"|3",DATA_NHAP!$I:$I,0)),4,1),"")} -> 2 | I7: {=IFERROR(MID(INDEX(DATA_NHAP!$E:$E,MATCH($A7&"|7",DATA_NHAP!$I:$I,0)),4,1),"")} -> 8 | J7: {=IFERROR(MID(INDEX(DATA_NHAP!$E:$E,MATCH($A7&"|8",DATA_NHAP!$I:$I,0)),2,1),"")} -> 3 | K7: {=IFERROR(MID(INDEX(DATA_NHAP!$E:$E,MATCH($A7&"|8",DATA_NHAP!$I:$I,0)),3,1),"")} -> 3 | L7: {=IFERROR(MID(INDEX(DATA_NHAP!$E:$E,MATCH($A7&"|8",DATA_NHAP!$I:$I,0)),4,1),"")} -> 0
A8: 5 | B8: {=IFERROR(MID(INDEX(DATA_NHAP!$E:$E,MATCH($A8&"|2",DATA_NHAP!$I:$I,0)),2,1),"")} -> 9 | C8: {=IFERROR(MID(INDEX(DATA_NHAP!$E:$E,MATCH($A8&"|3",DATA_NHAP!$I:$I,0)),4,1),"")} -> 6 | D8: {=IFERROR(MID(INDEX(DATA_NHAP!$E:$E,MATCH($A8&"|4",DATA_NHAP!$I:$I,0)),5,1),"")} -> 4 | E8: {=IFERROR(MID(INDEX(DATA_NHAP!$E:$E,MATCH($A8&"|5",DATA_NHAP!$I:$I,0)),5,1),"")} -> 2 | F8: {=IFERROR(MID(INDEX(DATA_NHAP!$E:$E,MATCH($A8&"|6",DATA_NHAP!$I:$I,0)),2,1),"")} | G8: {=IFERROR(MID(INDEX(DATA_NHAP!$E:$E,MATCH($A8&"|7",DATA_NHAP!$I:$I,0)),2,1),"")} | H8: {=IFERROR(MID(INDEX(DATA_NHAP!$E:$E,MATCH($A8&"|3",DATA_NHAP!$I:$I,0)),4,1),"")} -> 6 | I8: {=IFERROR(MID(INDEX(DATA_NHAP!$E:$E,MATCH($A8&"|7",DATA_NHAP!$I:$I,0)),4,1),"")} | J8: {=IFERROR(MID(INDEX(DATA_NHAP!$E:$E,MATCH($A8&"|8",DATA_NHAP!$I:$I,0)),2,1),"")} | K8: {=IFERROR(MID(INDEX(DATA_NHAP!$E:$E,MATCH($A8&"|8",DATA_NHAP!$I:$I,0)),3,1),"")} | L8: {=IFERROR(MID(INDEX(DATA_NHAP!$E:$E,MATCH($A8&"|8",DATA_NHAP!$I:$I,0)),4,1),"")}
A9: 6 | B9: {=IFERROR(MID(INDEX(DATA_NHAP!$E:$E,MATCH($A9&"|2",DATA_NHAP!$I:$I,0)),2,1),"")} | C9: {=IFERROR(MID(INDEX(DATA_NHAP!$E:$E,MATCH($A9&"|3",DATA_NHAP!$I:$I,0)),4,1),"")} -> 0 | D9: {=IFERROR(MID(INDEX(DATA_NHAP!$E:$E,MATCH($A9&"|4",DATA_NHAP!$I:$I,0)),5,1),"")} -> 0 | E9: {=IFERROR(MID(INDEX(DATA_NHAP!$E:$E,MATCH($A9&"|5",DATA_NHAP!$I:$I,0)),5,1),"")} -> 1 | F9: {=IFERROR(MID(INDEX(DATA_NHAP!$E:$E,MATCH($A9&"|6",DATA_NHAP!$I:$I,0)),2,1),"")} | G9: {=IFERROR(MID(INDEX(DATA_NHAP!$E:$E,MATCH($A9&"|7",DATA_NHAP!$I:$I,0)),2,1),"")} | H9: {=IFERROR(MID(INDEX(DATA_NHAP!$E:$E,MATCH($A9&"|3",DATA_NHAP!$I:$I,0)),4,1),"")} -> 0 | I9: {=IFERROR(MID(INDEX(DATA_NHAP!$E:$E,MATCH($A9&"|7",DATA_NHAP!$I:$I,0)),4,1),"")} | J9: {=IFERROR(MID(INDEX(DATA_NHAP!$E:$E,MATCH($A9&"|8",DATA_NHAP!$I:$I,0)),2,1),"")} | K9: {=IFERROR(MID(INDEX(DATA_NHAP!$E:$E,MATCH($A9&"|8",DATA_NHAP!$I:$I,0)),3,1),"")} | L9: {=IFERROR(MID(INDEX(DATA_NHAP!$E:$E,MATCH($A9&"|8",DATA_NHAP!$I:$I,0)),4,1),"")}
A10: 7 | B10: {=IFERROR(MID(INDEX(DATA_NHAP!$E:$E,MATCH($A10&"|2",DATA_NHAP!$I:$I,0)),2,1),"")} | C10: {=IFERROR(MID(INDEX(DATA_NHAP!$E:$E,MATCH($A10&"|3",DATA_NHAP!$I:$I,0)),4,1),"")} -> 0 | D10: {=IFERROR(MID(INDEX(DATA_NHAP!$E:$E,MATCH($A10&"|4",DATA_NHAP!$I:$I,0)),5,1),"")} -> 7 | E10: {=IFERROR(MID(INDEX(DATA_NHAP!$E:$E,MATCH($A10&"|5",DATA_NHAP!$I:$I,0)),5,1),"")} -> 8 | F10: {=IFERROR(MID(INDEX(DATA_NHAP!$E:$E,MATCH($A10&"|6",DATA_NHAP!$I:$I,0)),2,1),"")} -> 6 | G10: {=IFERROR(MID(INDEX(DATA_NHAP!$E:$E,MATCH($A10&"|7",DATA_NHAP!$I:$I,0)),2,1),"")} -> 7 | H10: {=IFERROR(MID(INDEX(DATA_NHAP!$E:$E,MATCH($A10&"|3",DATA_NHAP!$I:$I,0)),4,1),"")} -> 0 | I10: {=IFERROR(MID(INDEX(DATA_NHAP!$E:$E,MATCH($A10&"|7",DATA_NHAP!$I:$I,0)),4,1),"")} -> 3 | J10: {=IFERROR(MID(INDEX(DATA_NHAP!$E:$E,MATCH($A10&"|8",DATA_NHAP!$I:$I,0)),2,1),"")} -> 5 | K10: {=IFERROR(MID(INDEX(DATA_NHAP!$E:$E,MATCH($A10&"|8",DATA_NHAP!$I:$I,0)),3,1),"")} -> 5 | L10: {=IFERROR(MID(INDEX(DATA_NHAP!$E:$E,MATCH($A10&"|8",DATA_NHAP!$I:$I,0)),4,1),"")} -> 4
A11: 8 | B11: {=IFERROR(MID(INDEX(DATA_NHAP!$E:$E,MATCH($A11&"|2",DATA_NHAP!$I:$I,0)),2,1),"")} -> 7 | C11: {=IFERROR(MID(INDEX(DATA_NHAP!$E:$E,MATCH($A11&"|3",DATA_NHAP!$I:$I,0)),4,1),"")} -> 0 | D11: {=IFERROR(MID(INDEX(DATA_NHAP!$E:$E,MATCH($A11&"|4",DATA_NHAP!$I:$I,0)),5,1),"")} -> 5 | E11: {=IFERROR(MID(INDEX(DATA_NHAP!$E:$E,MATCH($A11&"|5",DATA_NHAP!$I:$I,0)),5,1),"")} -> 8 | F11: {=IFERROR(MID(INDEX(DATA_NHAP!$E:$E,MATCH($A11&"|6",DATA_NHAP!$I:$I,0)),2,1),"")} -> 1 | G11: {=IFERROR(MID(INDEX(DATA_NHAP!$E:$E,MATCH($A11&"|7",DATA_NHAP!$I:$I,0)),2,1),"")} -> 7 | H11: {=IFERROR(MID(INDEX(DATA_NHAP!$E:$E,MATCH($A11&"|3",DATA_NHAP!$I:$I,0)),4,1),"")} -> 0 | I11: {=IFERROR(MID(INDEX(DATA_NHAP!$E:$E,MATCH($A11&"|7",DATA_NHAP!$I:$I,0)),4,1),"")} -> 3 | J11: {=IFERROR(MID(INDEX(DATA_NHAP!$E:$E,MATCH($A11&"|8",DATA_NHAP!$I:$I,0)),2,1),"")} -> 7 | K11: {=IFERROR(MID(INDEX(DATA_NHAP!$E:$E,MATCH($A11&"|8",DATA_NHAP!$I:$I,0)),3,1),"")} -> 6 | L11: {=IFERROR(MID(INDEX(DATA_NHAP!$E:$E,MATCH($A11&"|8",DATA_NHAP!$I:$I,0)),4,1),"")} -> 3
A12: 9 | B12: {=IFERROR(MID(INDEX(DATA_NHAP!$E:$E,MATCH($A12&"|2",DATA_NHAP!$I:$I,0)),2,1),"")} -> 8 | C12: {=IFERROR(MID(INDEX(DATA_NHAP!$E:$E,MATCH($A12&"|3",DATA_NHAP!$I:$I,0)),4,1),"")} -> 2 | D12: {=IFERROR(MID(INDEX(DATA_NHAP!$E:$E,MATCH($A12&"|4",DATA_NHAP!$I:$I,0)),5,1),"")} -> 9 | E12: {=IFERROR(MID(INDEX(DATA_NHAP!$E:$E,MATCH($A12&"|5",DATA_NHAP!$I:$I,0)),5,1),"")} -> 7 | F12: {=IFERROR(MID(INDEX(DATA_NHAP!$E:$E,MATCH($A12&"|6",DATA_NHAP!$I:$I,0)),2,1),"")} -> 1 | G12: {=IFERROR(MID(INDEX(DATA_NHAP!$E:$E,MATCH($A12&"|7",DATA_NHAP!$I:$I,0)),2,1),"")} -> 7 | H12: {=IFERROR(MID(INDEX(DATA_NHAP!$E:$E,MATCH($A12&"|3",DATA_NHAP!$I:$I,0)),4,1),"")} -> 2 | I12: {=IFERROR(MID(INDEX(DATA_NHAP!$E:$E,MATCH($A12&"|7",DATA_NHAP!$I:$I,0)),4,1),"")} -> 4 | J12: {=IFERROR(MID(INDEX(DATA_NHAP!$E:$E,MATCH($A12&"|8",DATA_NHAP!$I:$I,0)),2,1),"")} -> 8 | K12: {=IFERROR(MID(INDEX(DATA_NHAP!$E:$E,MATCH($A12&"|8",DATA_NHAP!$I:$I,0)),3,1),"")} -> 3 | L12: {=IFERROR(MID(INDEX(DATA_NHAP!$E:$E,MATCH($A12&"|8",DATA_NHAP!$I:$I,0)),4,1),"")} -> 5
A13: 10 | B13: {=IFERROR(MID(INDEX(DATA_NHAP!$E:$E,MATCH($A13&"|2",DATA_NHAP!$I:$I,0)),2,1),"")} -> 8 | C13: {=IFERROR(MID(INDEX(DATA_NHAP!$E:$E,MATCH($A13&"|3",DATA_NHAP!$I:$I,0)),4,1),"")} -> 1 | D13: {=IFERROR(MID(INDEX(DATA_NHAP!$E:$E,MATCH($A13&"|4",DATA_NHAP!$I:$I,0)),5,1),"")} -> 3 | E13: {=IFERROR(MID(INDEX(DATA_NHAP!$E:$E,MATCH($A13&"|5",DATA_NHAP!$I:$I,0)),5,1),"")} -> 9 | F13: {=IFERROR(MID(INDEX(DATA_NHAP!$E:$E,MATCH($A13&"|6",DATA_NHAP!$I:$I,0)),2,1),"")} -> 2 | G13: {=IFERROR(MID(INDEX(DATA_NHAP!$E:$E,MATCH($A13&"|7",DATA_NHAP!$I:$I,0)),2,1),"")} -> 5 | H13: {=IFERROR(MID(INDEX(DATA_NHAP!$E:$E,MATCH($A13&"|3",DATA_NHAP!$I:$I,0)),4,1),"")} -> 1 | I13: {=IFERROR(MID(INDEX(DATA_NHAP!$E:$E,MATCH($A13&"|7",DATA_NHAP!$I:$I,0)),4,1),"")} -> 6 | J13: {=IFERROR(MID(INDEX(DATA_NHAP!$E:$E,MATCH($A13&"|8",DATA_NHAP!$I:$I,0)),2,1),"")} -> 9 | K13: {=IFERROR(MID(INDEX(DATA_NHAP!$E:$E,MATCH($A13&"|8",DATA_NHAP!$I:$I,0)),3,1),"")} -> 3 | L13: {=IFERROR(MID(INDEX(DATA_NHAP!$E:$E,MATCH($A13&"|8",DATA_NHAP!$I:$I,0)),4,1),"")} -> 9
A14: 11 | B14: {=IFERROR(MID(INDEX(DATA_NHAP!$E:$E,MATCH($A14&"|2",DATA_NHAP!$I:$I,0)),2,1),"")} -> 8 | C14: {=IFERROR(MID(INDEX(DATA_NHAP!$E:$E,MATCH($A14&"|3",DATA_NHAP!$I:$I,0)),4,1),"")} -> 3 | D14: {=IFERROR(MID(INDEX(DATA_NHAP!$E:$E,MATCH($A14&"|4",DATA_NHAP!$I:$I,0)),5,1),"")} -> 4 | E14: {=IFERROR(MID(INDEX(DATA_NHAP!$E:$E,MATCH($A14&"|5",DATA_NHAP!$I:$I,0)),5,1),"")} -> 6 | F14: {=IFERROR(MID(INDEX(DATA_NHAP!$E:$E,MATCH($A14&"|6",DATA_NHAP!$I:$I,0)),2,1),"")} -> 5 | G14: {=IFERROR(MID(INDEX(DATA_NHAP!$E:$E,MATCH($A14&"|7",DATA_NHAP!$I:$I,0)),2,1),"")} -> 9 | H14: {=IFERROR(MID(INDEX(DATA_NHAP!$E:$E,MATCH($A14&"|3",DATA_NHAP!$I:$I,0)),4,1),"")} -> 3 | I14: {=IFERROR(MID(INDEX(DATA_NHAP!$E:$E,MATCH($A14&"|7",DATA_NHAP!$I:$I,0)),4,1),"")} -> 8 | J14: {=IFERROR(MID(INDEX(DATA_NHAP!$E:$E,MATCH($A14&"|8",DATA_NHAP!$I:$I,0)),2,1),"")} -> 8 | K14: {=IFERROR(MID(INDEX(DATA_NHAP!$E:$E,MATCH($A14&"|8",DATA_NHAP!$I:$I,0)),3,1),"")} -> 2 | L14: {=IFERROR(MID(INDEX(DATA_NHAP!$E:$E,MATCH($A14&"|8",DATA_NHAP!$I:$I,0)),4,1),"")} -> 7
A15: 12 | B15: {=IFERROR(MID(INDEX(DATA_NHAP!$E:$E,MATCH($A15&"|2",DATA_NHAP!$I:$I,0)),2,1),"")} -> 6 | C15: {=IFERROR(MID(INDEX(DATA_NHAP!$E:$E,MATCH($A15&"|3",DATA_NHAP!$I:$I,0)),4,1),"")} -> 1 | D15: {=IFERROR(MID(INDEX(DATA_NHAP!$E:$E,MATCH($A15&"|4",DATA_NHAP!$I:$I,0)),5,1),"")} -> 5 | E15: {=IFERROR(MID(INDEX(DATA_NHAP!$E:$E,MATCH($A15&"|5",DATA_NHAP!$I:$I,0)),5,1),"")} -> 9 | F15: {=IFERROR(MID(INDEX(DATA_NHAP!$E:$E,MATCH($A15&"|6",DATA_NHAP!$I:$I,0)),2,1),"")} -> 7 | G15: {=IFERROR(MID(INDEX(DATA_NHAP!$E:$E,MATCH($A15&"|7",DATA_NHAP!$I:$I,0)),2,1),"")} -> 2 | H15: {=IFERROR(MID(INDEX(DATA_NHAP!$E:$E,MATCH($A15&"|3",DATA_NHAP!$I:$I,0)),4,1),"")} -> 1 | I15: {=IFERROR(MID(INDEX(DATA_NHAP!$E:$E,MATCH($A15&"|7",DATA_NHAP!$I:$I,0)),4,1),"")} -> 3 | J15: {=IFERROR(MID(INDEX(DATA_NHAP!$E:$E,MATCH($A15&"|8",DATA_NHAP!$I:$I,0)),2,1),"")} -> 6 | K15: {=IFERROR(MID(INDEX(DATA_NHAP!$E:$E,MATCH($A15&"|8",DATA_NHAP!$I:$I,0)),3,1),"")} -> 9 | L15: {=IFERROR(MID(INDEX(DATA_NHAP!$E:$E,MATCH($A15&"|8",DATA_NHAP!$I:$I,0)),4,1),"")} -> 0
... A323: 320 | B323: {=IFERROR(MID(INDEX(DATA_NHAP!$E:$E,MATCH($A323&"|2",DATA_NHAP!$I:$I,0)),2,1),"")} | C323: {=IFERROR(MID(INDEX(DATA_NHAP!$E:$E,MATCH($A323&"|3",DATA_NHAP!$I:$I,0)),4,1),"")} | D323: {=IFERROR(MID(INDEX(DATA_NHAP!$E:$E,MATCH($A323&"|4",DATA_NHAP!$I:$I,0)),5,1),"")} | E323: {=IFERROR(MID(INDEX(DATA_NHAP!$E:$E,MATCH($A323&"|5",DATA_NHAP!$I:$I,0)),5,1),"")} | F323: {=IFERROR(MID(INDEX(DATA_NHAP!$E:$E,MATCH($A323&"|6",DATA_NHAP!$I:$I,0)),2,1),"")} | G323: {=IFERROR(MID(INDEX(DATA_NHAP!$E:$E,MATCH($A323&"|7",DATA_NHAP!$I:$I,0)),2,1),"")} | H323: {=IFERROR(MID(INDEX(DATA_NHAP!$E:$E,MATCH($A323&"|3",DATA_NHAP!$I:$I,0)),4,1),"")} | I323: {=IFERROR(MID(INDEX(DATA_NHAP!$E:$E,MATCH($A323&"|7",DATA_NHAP!$I:$I,0)),4,1),"")} | J323: {=IFERROR(MID(INDEX(DATA_NHAP!$E:$E,MATCH($A323&"|8",DATA_NHAP!$I:$I,0)),2,1),"")} | K323: {=IFERROR(MID(INDEX(DATA_NHAP!$E:$E,MATCH($A323&"|8",DATA_NHAP!$I:$I,0)),3,1),"")} | L323: {=IFERROR(MID(INDEX(DATA_NHAP!$E:$E,MATCH($A323&"|8",DATA_NHAP!$I:$I,0)),4,1),"")}

Sheet DONG_THUAN_GHEP
A1: DONG_THUAN_GHEP - GHÉP 3D/4D THEO VỊ TRÍ TUẦN TRƯỚC
A3: Tuần cần xem | B3: =LOC_COPY!B3 -> 137 | D3: Tuần lấy vị trí | E3: =B3-1 -> 136
A5: Dàn 2D nguồn | B5: =LOC_COPY!B13 -> 08 09 17 18 26 27 29 35 36 38 45 47 49 53 54 56 58 62 63 65 67 71 72 74 76 80 81 83 85 90 92 94 99
A6: Dàn 2D nổi bật | B6: =LOC_COPY!B14 -> 17 18 26 27 29 35 36 38 53 56 62 63 65 67 71 72 76 81 83 92
B8: 3D-1 | C8: 3D-2 | D8: 3D-3 | E8: 3D-4 | F8: 3D-5 | G8: 3D-6 | I8: 4D-1 | J8: 4D-2 | K8: 4D-3 | L8: 4D-4 | M8: 4D-5
B9: {=IFERROR(INDEX(VI_TRI_GHEP!$B:$G,MATCH($E$3,VI_TRI_GHEP!$A:$A,0),1),"")} -> 9 | C9: {=IFERROR(INDEX(VI_TRI_GHEP!$B:$G,MATCH($E$3,VI_TRI_GHEP!$A:$A,0),2),"")} -> 2 | D9: {=IFERROR(INDEX(VI_TRI_GHEP!$B:$G,MATCH($E$3,VI_TRI_GHEP!$A:$A,0),3),"")} | E9: {=IFERROR(INDEX(VI_TRI_GHEP!$B:$G,MATCH($E$3,VI_TRI_GHEP!$A:$A,0),4),"")} | F9: {=IFERROR(INDEX(VI_TRI_GHEP!$B:$G,MATCH($E$3,VI_TRI_GHEP!$A:$A,0),5),"")} | G9: {=IFERROR(INDEX(VI_TRI_GHEP!$B:$G,MATCH($E$3,VI_TRI_GHEP!$A:$A,0),6),"")} | I9: {=IFERROR(INDEX(VI_TRI_GHEP!$H:$L,MATCH($E$3,VI_TRI_GHEP!$A:$A,0),1),"")} -> 2 | J9: {=IFERROR(INDEX(VI_TRI_GHEP!$H:$L,MATCH($E$3,VI_TRI_GHEP!$A:$A,0),2),"")} | K9: {=IFERROR(INDEX(VI_TRI_GHEP!$H:$L,MATCH($E$3,VI_TRI_GHEP!$A:$A,0),3),"")} | L9: {=IFERROR(INDEX(VI_TRI_GHEP!$H:$L,MATCH($E$3,VI_TRI_GHEP!$A:$A,0),4),"")} | M9: {=IFERROR(INDEX(VI_TRI_GHEP!$H:$L,MATCH($E$3,VI_TRI_GHEP!$A:$A,0),5),"")}
A13: 2D | B13: Điểm 2D | C13: 3D-1 | D13: 3D-2 | E13: 3D-3 | F13: 3D-4 | G13: 3D-5 | H13: 3D-6 | I13: Dàn 3D | J13: 4D1-1 | K13: 4D1-2 | L13: 4D1-3 | M13: 4D1-4 | N13: 4D1-5 | O13: 4D1-6 | P13: 4D2-1 | Q13: 4D2-2 | R13: 4D2-3 | S13: 4D2-4 | T13: 4D2-5 | U13: 4D2-6 | V13: 4D3-1 | W13: 4D3-2 | X13: 4D3-3 | Y13: 4D3-4 | Z13: 4D3-5 | AA13: 4D3-6 | AB13: 4D4-1 | AC13: 4D4-2 | AD13: 4D4-3 | AE13: 4D4-4 | AF13: 4D4-5 | AG13: 4D4-6 | AH13: 4D5-1 | AI13: 4D5-2 | AJ13: 4D5-3 | AK13: 4D5-4 | AL13: 4D5-5 | AM13: 4D5-6
A14: =LOC_COPY!I20 | B14: =IF(A14="","",LOC_COPY!H20) | C14: =IF($A14="","",B$9&$A14) | D14: =IF($A14="","",C$9&$A14) | E14: =IF($A14="","",D$9&$A14) | F14: =IF($A14="","",E$9&$A14) | G14: =IF($A14="","",F$9&$A14) | H14: =IF($A14="","",G$9&$A14) | I14: =TRIM(C14&" "&D14&" "&E14&" "&F14&" "&G14&" "&H14) | J14: =IF(C14="","",I$9&C14) | K14: =IF(D14="","",I$9&D14) | L14: =IF(E14="","",I$9&E14) | M14: =IF(F14="","",I$9&F14) | N14: =IF(G14="","",I$9&G14) | O14: =IF(H14="","",I$9&H14) | P14: =IF(C14="","",J$9&C14) | Q14: =IF(D14="","",J$9&D14) | R14: =IF(E14="","",J$9&E14) | S14: =IF(F14="","",J$9&F14) | T14: =IF(G14="","",J$9&G14) | U14: =IF(H14="","",J$9&H14) | V14: =IF(C14="","",K$9&C14) | W14: =IF(D14="","",K$9&D14) | X14: =IF(E14="","",K$9&E14) | Y14: =IF(F14="","",K$9&F14) | Z14: =IF(G14="","",K$9&G14) | AA14: =IF(H14="","",K$9&H14) | AB14: =IF(C14="","",L$9&C14) | AC14: =IF(D14="","",L$9&D14) | AD14: =IF(E14="","",L$9&E14) | AE14: =IF(F14="","",L$9&F14) | AF14: =IF(G14="","",L$9&G14) | AG14: =IF(H14="","",L$9&H14) | AH14: =IF(C14="","",M$9&C14) | AI14: =IF(D14="","",M$9&D14) | AJ14: =IF(E14="","",M$9&E14) | AK14: =IF(F14="","",M$9&F14) | AL14: =IF(G14="","",M$9&G14) | AM14: =IF(H14="","",M$9&H14)
A15: =LOC_COPY!I21 | B15: =IF(A15="","",LOC_COPY!H21) | C15: =IF($A15="","",B$9&$A15) | D15: =IF($A15="","",C$9&$A15) | E15: =IF($A15="","",D$9&$A15) | F15: =IF($A15="","",E$9&$A15) | G15: =IF($A15="","",F$9&$A15) | H15: =IF($A15="","",G$9&$A15) | I15: =TRIM(C15&" "&D15&" "&E15&" "&F15&" "&G15&" "&H15) | J15: =IF(C15="","",I$9&C15) | K15: =IF(D15="","",I$9&D15) | L15: =IF(E15="","",I$9&E15) | M15: =IF(F15="","",I$9&F15) | N15: =IF(G15="","",I$9&G15) | O15: =IF(H15="","",I$9&H15) | P15: =IF(C15="","",J$9&C15) | Q15: =IF(D15="","",J$9&D15) | R15: =IF(E15="","",J$9&E15) | S15: =IF(F15="","",J$9&F15) | T15: =IF(G15="","",J$9&G15) | U15: =IF(H15="","",J$9&H15) | V15: =IF(C15="","",K$9&C15) | W15: =IF(D15="","",K$9&D15) | X15: =IF(E15="","",K$9&E15) | Y15: =IF(F15="","",K$9&F15) | Z15: =IF(G15="","",K$9&G15) | AA15: =IF(H15="","",K$9&H15) | AB15: =IF(C15="","",L$9&C15) | AC15: =IF(D15="","",L$9&D15) | AD15: =IF(E15="","",L$9&E15) | AE15: =IF(F15="","",L$9&F15) | AF15: =IF(G15="","",L$9&G15) | AG15: =IF(H15="","",L$9&H15) | AH15: =IF(C15="","",M$9&C15) | AI15: =IF(D15="","",M$9&D15) | AJ15: =IF(E15="","",M$9&E15) | AK15: =IF(F15="","",M$9&F15) | AL15: =IF(G15="","",M$9&G15) | AM15: =IF(H15="","",M$9&H15)
A16: =LOC_COPY!I22 | B16: =IF(A16="","",LOC_COPY!H22) | C16: =IF($A16="","",B$9&$A16) | D16: =IF($A16="","",C$9&$A16) | E16: =IF($A16="","",D$9&$A16) | F16: =IF($A16="","",E$9&$A16) | G16: =IF($A16="","",F$9&$A16) | H16: =IF($A16="","",G$9&$A16) | I16: =TRIM(C16&" "&D16&" "&E16&" "&F16&" "&G16&" "&H16) | J16: =IF(C16="","",I$9&C16) | K16: =IF(D16="","",I$9&D16) | L16: =IF(E16="","",I$9&E16) | M16: =IF(F16="","",I$9&F16) | N16: =IF(G16="","",I$9&G16) | O16: =IF(H16="","",I$9&H16) | P16: =IF(C16="","",J$9&C16) | Q16: =IF(D16="","",J$9&D16) | R16: =IF(E16="","",J$9&E16) | S16: =IF(F16="","",J$9&F16) | T16: =IF(G16="","",J$9&G16) | U16: =IF(H16="","",J$9&H16) | V16: =IF(C16="","",K$9&C16) | W16: =IF(D16="","",K$9&D16) | X16: =IF(E16="","",K$9&E16) | Y16: =IF(F16="","",K$9&F16) | Z16: =IF(G16="","",K$9&G16) | AA16: =IF(H16="","",K$9&H16) | AB16: =IF(C16="","",L$9&C16) | AC16: =IF(D16="","",L$9&D16) | AD16: =IF(E16="","",L$9&E16) | AE16: =IF(F16="","",L$9&F16) | AF16: =IF(G16="","",L$9&G16) | AG16: =IF(H16="","",L$9&H16) | AH16: =IF(C16="","",M$9&C16) | AI16: =IF(D16="","",M$9&D16) | AJ16: =IF(E16="","",M$9&E16) | AK16: =IF(F16="","",M$9&F16) | AL16: =IF(G16="","",M$9&G16) | AM16: =IF(H16="","",M$9&H16)
A17: =LOC_COPY!I23 | B17: =IF(A17="","",LOC_COPY!H23) | C17: =IF($A17="","",B$9&$A17) | D17: =IF($A17="","",C$9&$A17) | E17: =IF($A17="","",D$9&$A17) | F17: =IF($A17="","",E$9&$A17) | G17: =IF($A17="","",F$9&$A17) | H17: =IF($A17="","",G$9&$A17) | I17: =TRIM(C17&" "&D17&" "&E17&" "&F17&" "&G17&" "&H17) | J17: =IF(C17="","",I$9&C17) | K17: =IF(D17="","",I$9&D17) | L17: =IF(E17="","",I$9&E17) | M17: =IF(F17="","",I$9&F17) | N17: =IF(G17="","",I$9&G17) | O17: =IF(H17="","",I$9&H17) | P17: =IF(C17="","",J$9&C17) | Q17: =IF(D17="","",J$9&D17) | R17: =IF(E17="","",J$9&E17) | S17: =IF(F17="","",J$9&F17) | T17: =IF(G17="","",J$9&G17) | U17: =IF(H17="","",J$9&H17) | V17: =IF(C17="","",K$9&C17) | W17: =IF(D17="","",K$9&D17) | X17: =IF(E17="","",K$9&E17) | Y17: =IF(F17="","",K$9&F17) | Z17: =IF(G17="","",K$9&G17) | AA17: =IF(H17="","",K$9&H17) | AB17: =IF(C17="","",L$9&C17) | AC17: =IF(D17="","",L$9&D17) | AD17: =IF(E17="","",L$9&E17) | AE17: =IF(F17="","",L$9&F17) | AF17: =IF(G17="","",L$9&G17) | AG17: =IF(H17="","",L$9&H17) | AH17: =IF(C17="","",M$9&C17) | AI17: =IF(D17="","",M$9&D17) | AJ17: =IF(E17="","",M$9&E17) | AK17: =IF(F17="","",M$9&F17) | AL17: =IF(G17="","",M$9&G17) | AM17: =IF(H17="","",M$9&H17)
A18: =LOC_COPY!I24 | B18: =IF(A18="","",LOC_COPY!H24) | C18: =IF($A18="","",B$9&$A18) | D18: =IF($A18="","",C$9&$A18) | E18: =IF($A18="","",D$9&$A18) | F18: =IF($A18="","",E$9&$A18) | G18: =IF($A18="","",F$9&$A18) | H18: =IF($A18="","",G$9&$A18) | I18: =TRIM(C18&" "&D18&" "&E18&" "&F18&" "&G18&" "&H18) | J18: =IF(C18="","",I$9&C18) | K18: =IF(D18="","",I$9&D18) | L18: =IF(E18="","",I$9&E18) | M18: =IF(F18="","",I$9&F18) | N18: =IF(G18="","",I$9&G18) | O18: =IF(H18="","",I$9&H18) | P18: =IF(C18="","",J$9&C18) | Q18: =IF(D18="","",J$9&D18) | R18: =IF(E18="","",J$9&E18) | S18: =IF(F18="","",J$9&F18) | T18: =IF(G18="","",J$9&G18) | U18: =IF(H18="","",J$9&H18) | V18: =IF(C18="","",K$9&C18) | W18: =IF(D18="","",K$9&D18) | X18: =IF(E18="","",K$9&E18) | Y18: =IF(F18="","",K$9&F18) | Z18: =IF(G18="","",K$9&G18) | AA18: =IF(H18="","",K$9&H18) | AB18: =IF(C18="","",L$9&C18) | AC18: =IF(D18="","",L$9&D18) | AD18: =IF(E18="","",L$9&E18) | AE18: =IF(F18="","",L$9&F18) | AF18: =IF(G18="","",L$9&G18) | AG18: =IF(H18="","",L$9&H18) | AH18: =IF(C18="","",M$9&C18) | AI18: =IF(D18="","",M$9&D18) | AJ18: =IF(E18="","",M$9&E18) | AK18: =IF(F18="","",M$9&F18) | AL18: =IF(G18="","",M$9&G18) | AM18: =IF(H18="","",M$9&H18)
A19: =LOC_COPY!I25 | B19: =IF(A19="","",LOC_COPY!H25) | C19: =IF($A19="","",B$9&$A19) | D19: =IF($A19="","",C$9&$A19) | E19: =IF($A19="","",D$9&$A19) | F19: =IF($A19="","",E$9&$A19) | G19: =IF($A19="","",F$9&$A19) | H19: =IF($A19="","",G$9&$A19) | I19: =TRIM(C19&" "&D19&" "&E19&" "&F19&" "&G19&" "&H19) | J19: =IF(C19="","",I$9&C19) | K19: =IF(D19="","",I$9&D19) | L19: =IF(E19="","",I$9&E19) | M19: =IF(F19="","",I$9&F19) | N19: =IF(G19="","",I$9&G19) | O19: =IF(H19="","",I$9&H19) | P19: =IF(C19="","",J$9&C19) | Q19: =IF(D19="","",J$9&D19) | R19: =IF(E19="","",J$9&E19) | S19: =IF(F19="","",J$9&F19) | T19: =IF(G19="","",J$9&G19) | U19: =IF(H19="","",J$9&H19) | V19: =IF(C19="","",K$9&C19) | W19: =IF(D19="","",K$9&D19) | X19: =IF(E19="","",K$9&E19) | Y19: =IF(F19="","",K$9&F19) | Z19: =IF(G19="","",K$9&G19) | AA19: =IF(H19="","",K$9&H19) | AB19: =IF(C19="","",L$9&C19) | AC19: =IF(D19="","",L$9&D19) | AD19: =IF(E19="","",L$9&E19) | AE19: =IF(F19="","",L$9&F19) | AF19: =IF(G19="","",L$9&G19) | AG19: =IF(H19="","",L$9&H19) | AH19: =IF(C19="","",M$9&C19) | AI19: =IF(D19="","",M$9&D19) | AJ19: =IF(E19="","",M$9&E19) | AK19: =IF(F19="","",M$9&F19) | AL19: =IF(G19="","",M$9&G19) | AM19: =IF(H19="","",M$9&H19)
A20: =LOC_COPY!I26 | B20: =IF(A20="","",LOC_COPY!H26) | C20: =IF($A20="","",B$9&$A20) | D20: =IF($A20="","",C$9&$A20) | E20: =IF($A20="","",D$9&$A20) | F20: =IF($A20="","",E$9&$A20) | G20: =IF($A20="","",F$9&$A20) | H20: =IF($A20="","",G$9&$A20) | I20: =TRIM(C20&" "&D20&" "&E20&" "&F20&" "&G20&" "&H20) | J20: =IF(C20="","",I$9&C20) | K20: =IF(D20="","",I$9&D20) | L20: =IF(E20="","",I$9&E20) | M20: =IF(F20="","",I$9&F20) | N20: =IF(G20="","",I$9&G20) | O20: =IF(H20="","",I$9&H20) | P20: =IF(C20="","",J$9&C20) | Q20: =IF(D20="","",J$9&D20) | R20: =IF(E20="","",J$9&E20) | S20: =IF(F20="","",J$9&F20) | T20: =IF(G20="","",J$9&G20) | U20: =IF(H20="","",J$9&H20) | V20: =IF(C20="","",K$9&C20) | W20: =IF(D20="","",K$9&D20) | X20: =IF(E20="","",K$9&E20) | Y20: =IF(F20="","",K$9&F20) | Z20: =IF(G20="","",K$9&G20) | AA20: =IF(H20="","",K$9&H20) | AB20: =IF(C20="","",L$9&C20) | AC20: =IF(D20="","",L$9&D20) | AD20: =IF(E20="","",L$9&E20) | AE20: =IF(F20="","",L$9&F20) | AF20: =IF(G20="","",L$9&G20) | AG20: =IF(H20="","",L$9&H20) | AH20: =IF(C20="","",M$9&C20) | AI20: =IF(D20="","",M$9&D20) | AJ20: =IF(E20="","",M$9&E20) | AK20: =IF(F20="","",M$9&F20) | AL20: =IF(G20="","",M$9&G20) | AM20: =IF(H20="","",M$9&H20)
A21: =LOC_COPY!I27 | B21: =IF(A21="","",LOC_COPY!H27) | C21: =IF($A21="","",B$9&$A21) | D21: =IF($A21="","",C$9&$A21) | E21: =IF($A21="","",D$9&$A21) | F21: =IF($A21="","",E$9&$A21) | G21: =IF($A21="","",F$9&$A21) | H21: =IF($A21="","",G$9&$A21) | I21: =TRIM(C21&" "&D21&" "&E21&" "&F21&" "&G21&" "&H21) | J21: =IF(C21="","",I$9&C21) | K21: =IF(D21="","",I$9&D21) | L21: =IF(E21="","",I$9&E21) | M21: =IF(F21="","",I$9&F21) | N21: =IF(G21="","",I$9&G21) | O21: =IF(H21="","",I$9&H21) | P21: =IF(C21="","",J$9&C21) | Q21: =IF(D21="","",J$9&D21) | R21: =IF(E21="","",J$9&E21) | S21: =IF(F21="","",J$9&F21) | T21: =IF(G21="","",J$9&G21) | U21: =IF(H21="","",J$9&H21) | V21: =IF(C21="","",K$9&C21) | W21: =IF(D21="","",K$9&D21) | X21: =IF(E21="","",K$9&E21) | Y21: =IF(F21="","",K$9&F21) | Z21: =IF(G21="","",K$9&G21) | AA21: =IF(H21="","",K$9&H21) | AB21: =IF(C21="","",L$9&C21) | AC21: =IF(D21="","",L$9&D21) | AD21: =IF(E21="","",L$9&E21) | AE21: =IF(F21="","",L$9&F21) | AF21: =IF(G21="","",L$9&G21) | AG21: =IF(H21="","",L$9&H21) | AH21: =IF(C21="","",M$9&C21) | AI21: =IF(D21="","",M$9&D21) | AJ21: =IF(E21="","",M$9&E21) | AK21: =IF(F21="","",M$9&F21) | AL21: =IF(G21="","",M$9&G21) | AM21: =IF(H21="","",M$9&H21)
A22: =LOC_COPY!I28 -> 08 | B22: =IF(A22="","",LOC_COPY!H28) -> 1 | C22: =IF($A22="","",B$9&$A22) -> 908 | D22: =IF($A22="","",C$9&$A22) -> 208 | E22: =IF($A22="","",D$9&$A22) -> 08 | F22: =IF($A22="","",E$9&$A22) -> 08 | G22: =IF($A22="","",F$9&$A22) -> 08 | H22: =IF($A22="","",G$9&$A22) -> 08 | I22: =TRIM(C22&" "&D22&" "&E22&" "&F22&" "&G22&" "&H22) -> 908 208 08 08 08 08 | J22: =IF(C22="","",I$9&C22) -> 2908 | K22: =IF(D22="","",I$9&D22) -> 2208 | L22: =IF(E22="","",I$9&E22) -> 208 | M22: =IF(F22="","",I$9&F22) -> 208 | N22: =IF(G22="","",I$9&G22) -> 208 | O22: =IF(H22="","",I$9&H22) -> 208 | P22: =IF(C22="","",J$9&C22) -> 908 | Q22: =IF(D22="","",J$9&D22) -> 208 | R22: =IF(E22="","",J$9&E22) -> 08 | S22: =IF(F22="","",J$9&F22) -> 08 | T22: =IF(G22="","",J$9&G22) -> 08 | U22: =IF(H22="","",J$9&H22) -> 08 | V22: =IF(C22="","",K$9&C22) -> 908 | W22: =IF(D22="","",K$9&D22) -> 208 | X22: =IF(E22="","",K$9&E22) -> 08 | Y22: =IF(F22="","",K$9&F22) -> 08 | Z22: =IF(G22="","",K$9&G22) -> 08 | AA22: =IF(H22="","",K$9&H22) -> 08 | AB22: =IF(C22="","",L$9&C22) -> 908 | AC22: =IF(D22="","",L$9&D22) -> 208 | AD22: =IF(E22="","",L$9&E22) -> 08 | AE22: =IF(F22="","",L$9&F22) -> 08 | AF22: =IF(G22="","",L$9&G22) -> 08 | AG22: =IF(H22="","",L$9&H22) -> 08 | AH22: =IF(C22="","",M$9&C22) -> 908 | AI22: =IF(D22="","",M$9&D22) -> 208 | AJ22: =IF(E22="","",M$9&E22) -> 08 | AK22: =IF(F22="","",M$9&F22) -> 08 | AL22: =IF(G22="","",M$9&G22) -> 08 | AM22: =IF(H22="","",M$9&H22) -> 08
A23: =LOC_COPY!I29 -> 09 | B23: =IF(A23="","",LOC_COPY!H29) -> 1 | C23: =IF($A23="","",B$9&$A23) -> 909 | D23: =IF($A23="","",C$9&$A23) -> 209 | E23: =IF($A23="","",D$9&$A23) -> 09 | F23: =IF($A23="","",E$9&$A23) -> 09 | G23: =IF($A23="","",F$9&$A23) -> 09 | H23: =IF($A23="","",G$9&$A23) -> 09 | I23: =TRIM(C23&" "&D23&" "&E23&" "&F23&" "&G23&" "&H23) -> 909 209 09 09 09 09 | J23: =IF(C23="","",I$9&C23) -> 2909 | K23: =IF(D23="","",I$9&D23) -> 2209 | L23: =IF(E23="","",I$9&E23) -> 209 | M23: =IF(F23="","",I$9&F23) -> 209 | N23: =IF(G23="","",I$9&G23) -> 209 | O23: =IF(H23="","",I$9&H23) -> 209 | P23: =IF(C23="","",J$9&C23) -> 909 | Q23: =IF(D23="","",J$9&D23) -> 209 | R23: =IF(E23="","",J$9&E23) -> 09 | S23: =IF(F23="","",J$9&F23) -> 09 | T23: =IF(G23="","",J$9&G23) -> 09 | U23: =IF(H23="","",J$9&H23) -> 09 | V23: =IF(C23="","",K$9&C23) -> 909 | W23: =IF(D23="","",K$9&D23) -> 209 | X23: =IF(E23="","",K$9&E23) -> 09 | Y23: =IF(F23="","",K$9&F23) -> 09 | Z23: =IF(G23="","",K$9&G23) -> 09 | AA23: =IF(H23="","",K$9&H23) -> 09 | AB23: =IF(C23="","",L$9&C23) -> 909 | AC23: =IF(D23="","",L$9&D23) -> 209 | AD23: =IF(E23="","",L$9&E23) -> 09 | AE23: =IF(F23="","",L$9&F23) -> 09 | AF23: =IF(G23="","",L$9&G23) -> 09 | AG23: =IF(H23="","",L$9&H23) -> 09 | AH23: =IF(C23="","",M$9&C23) -> 909 | AI23: =IF(D23="","",M$9&D23) -> 209 | AJ23: =IF(E23="","",M$9&E23) -> 09 | AK23: =IF(F23="","",M$9&F23) -> 09 | AL23: =IF(G23="","",M$9&G23) -> 09 | AM23: =IF(H23="","",M$9&H23) -> 09
A24: =LOC_COPY!I30 | B24: =IF(A24="","",LOC_COPY!H30) | C24: =IF($A24="","",B$9&$A24) | D24: =IF($A24="","",C$9&$A24) | E24: =IF($A24="","",D$9&$A24) | F24: =IF($A24="","",E$9&$A24) | G24: =IF($A24="","",F$9&$A24) | H24: =IF($A24="","",G$9&$A24) | I24: =TRIM(C24&" "&D24&" "&E24&" "&F24&" "&G24&" "&H24) | J24: =IF(C24="","",I$9&C24) | K24: =IF(D24="","",I$9&D24) | L24: =IF(E24="","",I$9&E24) | M24: =IF(F24="","",I$9&F24) | N24: =IF(G24="","",I$9&G24) | O24: =IF(H24="","",I$9&H24) | P24: =IF(C24="","",J$9&C24) | Q24: =IF(D24="","",J$9&D24) | R24: =IF(E24="","",J$9&E24) | S24: =IF(F24="","",J$9&F24) | T24: =IF(G24="","",J$9&G24) | U24: =IF(H24="","",J$9&H24) | V24: =IF(C24="","",K$9&C24) | W24: =IF(D24="","",K$9&D24) | X24: =IF(E24="","",K$9&E24) | Y24: =IF(F24="","",K$9&F24) | Z24: =IF(G24="","",K$9&G24) | AA24: =IF(H24="","",K$9&H24) | AB24: =IF(C24="","",L$9&C24) | AC24: =IF(D24="","",L$9&D24) | AD24: =IF(E24="","",L$9&E24) | AE24: =IF(F24="","",L$9&F24) | AF24: =IF(G24="","",L$9&G24) | AG24: =IF(H24="","",L$9&H24) | AH24: =IF(C24="","",M$9&C24) | AI24: =IF(D24="","",M$9&D24) | AJ24: =IF(E24="","",M$9&E24) | AK24: =IF(F24="","",M$9&F24) | AL24: =IF(G24="","",M$9&G24) | AM24: =IF(H24="","",M$9&H24)
A25: =LOC_COPY!I31 | B25: =IF(A25="","",LOC_COPY!H31) | C25: =IF($A25="","",B$9&$A25) | D25: =IF($A25="","",C$9&$A25) | E25: =IF($A25="","",D$9&$A25) | F25: =IF($A25="","",E$9&$A25) | G25: =IF($A25="","",F$9&$A25) | H25: =IF($A25="","",G$9&$A25) | I25: =TRIM(C25&" "&D25&" "&E25&" "&F25&" "&G25&" "&H25) | J25: =IF(C25="","",I$9&C25) | K25: =IF(D25="","",I$9&D25) | L25: =IF(E25="","",I$9&E25) | M25: =IF(F25="","",I$9&F25) | N25: =IF(G25="","",I$9&G25) | O25: =IF(H25="","",I$9&H25) | P25: =IF(C25="","",J$9&C25) | Q25: =IF(D25="","",J$9&D25) | R25: =IF(E25="","",J$9&E25) | S25: =IF(F25="","",J$9&F25) | T25: =IF(G25="","",J$9&G25) | U25: =IF(H25="","",J$9&H25) | V25: =IF(C25="","",K$9&C25) | W25: =IF(D25="","",K$9&D25) | X25: =IF(E25="","",K$9&E25) | Y25: =IF(F25="","",K$9&F25) | Z25: =IF(G25="","",K$9&G25) | AA25: =IF(H25="","",K$9&H25) | AB25: =IF(C25="","",L$9&C25) | AC25: =IF(D25="","",L$9&D25) | AD25: =IF(E25="","",L$9&E25) | AE25: =IF(F25="","",L$9&F25) | AF25: =IF(G25="","",L$9&G25) | AG25: =IF(H25="","",L$9&H25) | AH25: =IF(C25="","",M$9&C25) | AI25: =IF(D25="","",M$9&D25) | AJ25: =IF(E25="","",M$9&E25) | AK25: =IF(F25="","",M$9&F25) | AL25: =IF(G25="","",M$9&G25) | AM25: =IF(H25="","",M$9&H25)
... A113: =LOC_COPY!I119 -> 99 | B113: =IF(A113="","",LOC_COPY!H119) -> 1 | C113: =IF($A113="","",B$9&$A113) -> 999 | D113: =IF($A113="","",C$9&$A113) -> 299 | E113: =IF($A113="","",D$9&$A113) -> 99 | F113: =IF($A113="","",E$9&$A113) -> 99 | G113: =IF($A113="","",F$9&$A113) -> 99 | H113: =IF($A113="","",G$9&$A113) -> 99 | I113: =TRIM(C113&" "&D113&" "&E113&" "&F113&" "&G113&" "&H113) -> 999 299 99 99 99 99 | J113: =IF(C113="","",I$9&C113) -> 2999 | K113: =IF(D113="","",I$9&D113) -> 2299 | L113: =IF(E113="","",I$9&E113) -> 299 | M113: =IF(F113="","",I$9&F113) -> 299 | N113: =IF(G113="","",I$9&G113) -> 299 | O113: =IF(H113="","",I$9&H113) -> 299 | P113: =IF(C113="","",J$9&C113) -> 999 | Q113: =IF(D113="","",J$9&D113) -> 299 | R113: =IF(E113="","",J$9&E113) -> 99 | S113: =IF(F113="","",J$9&F113) -> 99 | T113: =IF(G113="","",J$9&G113) -> 99 | U113: =IF(H113="","",J$9&H113) -> 99 | V113: =IF(C113="","",K$9&C113) -> 999 | W113: =IF(D113="","",K$9&D113) -> 299 | X113: =IF(E113="","",K$9&E113) -> 99 | Y113: =IF(F113="","",K$9&F113) -> 99 | Z113: =IF(G113="","",K$9&G113) -> 99 | AA113: =IF(H113="","",K$9&H113) -> 99 | AB113: =IF(C113="","",L$9&C113) -> 999 | AC113: =IF(D113="","",L$9&D113) -> 299 | AD113: =IF(E113="","",L$9&E113) -> 99 | AE113: =IF(F113="","",L$9&F113) -> 99 | AF113: =IF(G113="","",L$9&G113) -> 99 | AG113: =IF(H113="","",L$9&H113) -> 99 | AH113: =IF(C113="","",M$9&C113) -> 999 | AI113: =IF(D113="","",M$9&D113) -> 299 | AJ113: =IF(E113="","",M$9&E113) -> 99 | AK113: =IF(F113="","",M$9&F113) -> 99 | AL113: =IF(G113="","",M$9&G113) -> 99 | AM113: =IF(H113="","",M$9&H113) -> 99

Sheet MANH_YEU_DAN_GHEP
A1: THỐNG KÊ ĐIỂM MẠNH / TRUNG BÌNH / YẾU - BỔ SUNG VÀO DÀN SỐ GHÉP
A2: Sheet này chỉ cộng điểm/phân loại cho dàn ghép, không thay đổi DATA_NHAP, VI_TRI_GHEP, DONG_THUAN_GHEP.
A3: Tuần cần xem | B3: =LOC_COPY!B3 -> 137 | D3: Tuần lấy vị trí | E3: =DONG_THUAN_GHEP!E3 -> 136 | G3: Dàn 2D nguồn | H3: =LOC_COPY!B13 -> 08 09 17 18 26 27 29 35 36 38 45 47 49 53 54 56 58 62 63 65 67 71 72 74 76 80 81 83 85 90 92 94 99
A6: Loại | B6: Mã vị trí | C6: Vị trí cố định | D6: Số ghép tuần trước | E6: Số ứng viên | F6: Tổng trùng | G6: Tỷ lệ trùng | H6: Điểm TB gốc | I6: Điểm vị trí | J6: Xếp hạng | K6: Hệ số cộng | L6: Ghi chú | N6: TOP 3D SAU KHI CỘNG ĐIỂM VỊ TRÍ
A7: 3D | B7: 3D-1 | C7: =IFERROR(TRIM(MID(VI_TRI_GHEP!$B$3,FIND(" ",VI_TRI_GHEP!$B$3)+1,99)),VI_TRI_GHEP!$B$3) -> T2-P2 | D7: =DONG_THUAN_GHEP!$B$9 -> 9 | E7: =COUNTIF($D$23:$D$622,B7) -> 100 | F7: =SUMIF($D$23:$D$622,B7,$F$23:$F$622) -> 33 | G7: =IF(E7=0,0,F7/E7) -> 0.33 | H7: =IFERROR(AVERAGEIF($D$23:$D$622,B7,$G$23:$G$622),0) -> 0.86 | I7: =ROUND(H7+F7*0.5+G7*10,1) -> 20.7 | J7: =IF(I7>=LARGE($I$7:$I$17,3),"MẠNH",IF(I7>=LARGE($I$7:$I$17,8),"TRUNG BÌNH","YẾU")) -> YẾU | K7: =IF(J7="MẠNH",2,IF(J7="TRUNG BÌNH",1,-1)) -> -1 | L7: =IF(J7="MẠNH","Ưu tiên cộng vào dàn ghép",IF(J7="TRUNG BÌNH","Giữ theo dõi, dùng phụ","Yếu - chỉ giữ khi 2D rất mạnh")) -> Yếu - chỉ giữ khi 2D rất mạnh | N7: STT | O7: 3D | P7: 2D gốc | Q7: Vị trí | R7: Điểm mới | S7: Nhóm
A8: 3D | B8: 3D-2 | C8: =IFERROR(TRIM(MID(VI_TRI_GHEP!$C$3,FIND(" ",VI_TRI_GHEP!$C$3)+1,99)),VI_TRI_GHEP!$C$3) -> T3-P4 | D8: =DONG_THUAN_GHEP!$C$9 -> 2 | E8: =COUNTIF($D$23:$D$622,B8) -> 100 | F8: =SUMIF($D$23:$D$622,B8,$F$23:$F$622) -> 33 | G8: =IF(E8=0,0,F8/E8) -> 0.33 | H8: =IFERROR(AVERAGEIF($D$23:$D$622,B8,$G$23:$G$622),0) -> 0.86 | I8: =ROUND(H8+F8*0.5+G8*10,1) -> 20.7 | J8: =IF(I8>=LARGE($I$7:$I$17,3),"MẠNH",IF(I8>=LARGE($I$7:$I$17,8),"TRUNG BÌNH","YẾU")) -> YẾU | K8: =IF(J8="MẠNH",2,IF(J8="TRUNG BÌNH",1,-1)) -> -1 | L8: =IF(J8="MẠNH","Ưu tiên cộng vào dàn ghép",IF(J8="TRUNG BÌNH","Giữ theo dõi, dùng phụ","Yếu - chỉ giữ khi 2D rất mạnh")) -> Yếu - chỉ giữ khi 2D rất mạnh | N8: 1 | O8: =IFERROR(INDEX($B$23:$B$622,MATCH(LARGE($L$23:$L$622,N8),$L$23:$L$622,0)),"") -> 92 | P8: =IFERROR(INDEX($C$23:$C$622,MATCH(LARGE($L$23:$L$622,N8),$L$23:$L$622,0)),"") -> 92 | Q8: =IFERROR(INDEX($D$23:$D$622,MATCH(LARGE($L$23:$L$622,N8),$L$23:$L$622,0)),"") -> 3D-3 | R8: =IFERROR(INDEX($J$23:$J$622,MATCH(LARGE($L$23:$L$622,N8),$L$23:$L$622,0)),"") -> 15.11 | S8: =IFERROR(INDEX($K$23:$K$622,MATCH(LARGE($L$23:$L$622,N8),$L$23:$L$622,0)),"") -> MẠNH
A9: 3D | B9: 3D-3 | C9: =IFERROR(TRIM(MID(VI_TRI_GHEP!$D$3,FIND(" ",VI_TRI_GHEP!$D$3)+1,99)),VI_TRI_GHEP!$D$3) -> T4-P5 | D9: =DONG_THUAN_GHEP!$D$9 | E9: =COUNTIF($D$23:$D$622,B9) -> 100 | F9: =SUMIF($D$23:$D$622,B9,$F$23:$F$622) -> 132 | G9: =IF(E9=0,0,F9/E9) -> 1.32 | H9: =IFERROR(AVERAGEIF($D$23:$D$622,B9,$G$23:$G$622),0) -> 1.8686869 | I9: =ROUND(H9+F9*0.5+G9*10,1) -> 81.1 | J9: =IF(I9>=LARGE($I$7:$I$17,3),"MẠNH",IF(I9>=LARGE($I$7:$I$17,8),"TRUNG BÌNH","YẾU")) -> TRUNG BÌNH | K9: =IF(J9="MẠNH",2,IF(J9="TRUNG BÌNH",1,-1)) -> 1 | L9: =IF(J9="MẠNH","Ưu tiên cộng vào dàn ghép",IF(J9="TRUNG BÌNH","Giữ theo dõi, dùng phụ","Yếu - chỉ giữ khi 2D rất mạnh")) -> Giữ theo dõi, dùng phụ | N9: 2 | O9: =IFERROR(INDEX($B$23:$B$622,MATCH(LARGE($L$23:$L$622,N9),$L$23:$L$622,0)),"") -> 92 | P9: =IFERROR(INDEX($C$23:$C$622,MATCH(LARGE($L$23:$L$622,N9),$L$23:$L$622,0)),"") -> 92 | Q9: =IFERROR(INDEX($D$23:$D$622,MATCH(LARGE($L$23:$L$622,N9),$L$23:$L$622,0)),"") -> 3D-3 | R9: =IFERROR(INDEX($J$23:$J$622,MATCH(LARGE($L$23:$L$622,N9),$L$23:$L$622,0)),"") -> 15.11 | S9: =IFERROR(INDEX($K$23:$K$622,MATCH(LARGE($L$23:$L$622,N9),$L$23:$L$622,0)),"") -> MẠNH
A10: 3D | B10: 3D-4 | C10: =IFERROR(TRIM(MID(VI_TRI_GHEP!$E$3,FIND(" ",VI_TRI_GHEP!$E$3)+1,99)),VI_TRI_GHEP!$E$3) -> T5-P5 | D10: =DONG_THUAN_GHEP!$E$9 | E10: =COUNTIF($D$23:$D$622,B10) -> 100 | F10: =SUMIF($D$23:$D$622,B10,$F$23:$F$622) -> 132 | G10: =IF(E10=0,0,F10/E10) -> 1.32 | H10: =IFERROR(AVERAGEIF($D$23:$D$622,B10,$G$23:$G$622),0) -> 1.85 | I10: =ROUND(H10+F10*0.5+G10*10,1) -> 81.1 | J10: =IF(I10>=LARGE($I$7:$I$17,3),"MẠNH",IF(I10>=LARGE($I$7:$I$17,8),"TRUNG BÌNH","YẾU")) -> TRUNG BÌNH | K10: =IF(J10="MẠNH",2,IF(J10="TRUNG BÌNH",1,-1)) -> 1 | L10: =IF(J10="MẠNH","Ưu tiên cộng vào dàn ghép",IF(J10="TRUNG BÌNH","Giữ theo dõi, dùng phụ","Yếu - chỉ giữ khi 2D rất mạnh")) -> Giữ theo dõi, dùng phụ | N10: 3 | O10: =IFERROR(INDEX($B$23:$B$622,MATCH(LARGE($L$23:$L$622,N10),$L$23:$L$622,0)),"") -> 92 | P10: =IFERROR(INDEX($C$23:$C$622,MATCH(LARGE($L$23:$L$622,N10),$L$23:$L$622,0)),"") -> 92 | Q10: =IFERROR(INDEX($D$23:$D$622,MATCH(LARGE($L$23:$L$622,N10),$L$23:$L$622,0)),"") -> 3D-3 | R10: =IFERROR(INDEX($J$23:$J$622,MATCH(LARGE($L$23:$L$622,N10),$L$23:$L$622,0)),"") -> 15.11 | S10: =IFERROR(INDEX($K$23:$K$622,MATCH(LARGE($L$23:$L$622,N10),$L$23:$L$622,0)),"") -> MẠNH
A11: 3D | B11: 3D-5 | C11: =IFERROR(TRIM(MID(VI_TRI_GHEP!$F$3,FIND(" ",VI_TRI_GHEP!$F$3)+1,99)),VI_TRI_GHEP!$F$3) -> T6-P2 | D11: =DONG_THUAN_GHEP!$F$9 | E11: =COUNTIF($D$23:$D$622,B11) -> 100 | F11: =SUMIF($D$23:$D$622,B11,$F$23:$F$622) -> 132 | G11: =IF(E11=0,0,F11/E11) -> 1.32 | H11: =IFERROR(AVERAGEIF($D$23:$D$622,B11,$G$23:$G$622),0) -> 1.85 | I11: =ROUND(H11+F11*0.5+G11*10,1) -> 81.1 | J11: =IF(I11>=LARGE($I$7:$I$17,3),"MẠNH",IF(I11>=LARGE($I$7:$I$17,8),"TRUNG BÌNH","YẾU")) -> TRUNG BÌNH | K11: =IF(J11="MẠNH",2,IF(J11="TRUNG BÌNH",1,-1)) -> 1 | L11: =IF(J11="MẠNH","Ưu tiên cộng vào dàn ghép",IF(J11="TRUNG BÌNH","Giữ theo dõi, dùng phụ","Yếu - chỉ giữ khi 2D rất mạnh")) -> Giữ theo dõi, dùng phụ | N11: 4 | O11: =IFERROR(INDEX($B$23:$B$622,MATCH(LARGE($L$23:$L$622,N11),$L$23:$L$622,0)),"") -> 92 | P11: =IFERROR(INDEX($C$23:$C$622,MATCH(LARGE($L$23:$L$622,N11),$L$23:$L$622,0)),"") -> 92 | Q11: =IFERROR(INDEX($D$23:$D$622,MATCH(LARGE($L$23:$L$622,N11),$L$23:$L$622,0)),"") -> 3D-3 | R11: =IFERROR(INDEX($J$23:$J$622,MATCH(LARGE($L$23:$L$622,N11),$L$23:$L$622,0)),"") -> 15.11 | S11: =IFERROR(INDEX($K$23:$K$622,MATCH(LARGE($L$23:$L$622,N11),$L$23:$L$622,0)),"") -> MẠNH
A12: 3D | B12: 3D-6 | C12: =IFERROR(TRIM(MID(VI_TRI_GHEP!$G$3,FIND(" ",VI_TRI_GHEP!$G$3)+1,99)),VI_TRI_GHEP!$G$3) -> T7-P2 | D12: =DONG_THUAN_GHEP!$G$9 | E12: =COUNTIF($D$23:$D$622,B12) -> 100 | F12: =SUMIF($D$23:$D$622,B12,$F$23:$F$622) -> 132 | G12: =IF(E12=0,0,F12/E12) -> 1.32 | H12: =IFERROR(AVERAGEIF($D$23:$D$622,B12,$G$23:$G$622),0) -> 1.85 | I12: =ROUND(H12+F12*0.5+G12*10,1) -> 81.1 | J12: =IF(I12>=LARGE($I$7:$I$17,3),"MẠNH",IF(I12>=LARGE($I$7:$I$17,8),"TRUNG BÌNH","YẾU")) -> TRUNG BÌNH | K12: =IF(J12="MẠNH",2,IF(J12="TRUNG BÌNH",1,-1)) -> 1 | L12: =IF(J12="MẠNH","Ưu tiên cộng vào dàn ghép",IF(J12="TRUNG BÌNH","Giữ theo dõi, dùng phụ","Yếu - chỉ giữ khi 2D rất mạnh")) -> Giữ theo dõi, dùng phụ | N12: 5 | O12: =IFERROR(INDEX($B$23:$B$622,MATCH(LARGE($L$23:$L$622,N12),$L$23:$L$622,0)),"") -> 83 | P12: =IFERROR(INDEX($C$23:$C$622,MATCH(LARGE($L$23:$L$622,N12),$L$23:$L$622,0)),"") -> 83 | Q12: =IFERROR(INDEX($D$23:$D$622,MATCH(LARGE($L$23:$L$622,N12),$L$23:$L$622,0)),"") -> 3D-3 | R12: =IFERROR(INDEX($J$23:$J$622,MATCH(LARGE($L$23:$L$622,N12),$L$23:$L$622,0)),"") -> 15.11 | S12: =IFERROR(INDEX($K$23:$K$622,MATCH(LARGE($L$23:$L$622,N12),$L$23:$L$622,0)),"") -> MẠNH
A13: 4D | B13: 4D-1 | C13: =IFERROR(TRIM(MID(VI_TRI_GHEP!$H$3,FIND(" ",VI_TRI_GHEP!$H$3)+1,99)),VI_TRI_GHEP!$H$3) -> T3-P4 | D13: =DONG_THUAN_GHEP!$I$9 -> 2 | E13: =COUNTIF($D$630:$D$3629,B13) -> 600 | F13: =SUMIF($D$630:$D$3629,B13,$F$630:$F$3629) -> 2145 | G13: =IF(E13=0,0,F13/E13) -> 3.575 | H13: =IFERROR(AVERAGEIF($D$630:$D$3629,B13,$G$630:$G$3629),0) -> 4.105 | I13: =ROUND(H13+F13*0.5+G13*10,1) -> 1112.4 | J13: =IF(I13>=LARGE($I$7:$I$17,3),"MẠNH",IF(I13>=LARGE($I$7:$I$17,8),"TRUNG BÌNH","YẾU")) -> TRUNG BÌNH | K13: =IF(J13="MẠNH",2,IF(J13="TRUNG BÌNH",1,-1)) -> 1 | L13: =IF(J13="MẠNH","Ưu tiên cộng vào dàn ghép",IF(J13="TRUNG BÌNH","Giữ theo dõi, dùng phụ","Yếu - chỉ giữ khi 2D rất mạnh")) -> Giữ theo dõi, dùng phụ | N13: 6 | O13: =IFERROR(INDEX($B$23:$B$622,MATCH(LARGE($L$23:$L$622,N13),$L$23:$L$622,0)),"") -> 83 | P13: =IFERROR(INDEX($C$23:$C$622,MATCH(LARGE($L$23:$L$622,N13),$L$23:$L$622,0)),"") -> 83 | Q13: =IFERROR(INDEX($D$23:$D$622,MATCH(LARGE($L$23:$L$622,N13),$L$23:$L$622,0)),"") -> 3D-3 | R13: =IFERROR(INDEX($J$23:$J$622,MATCH(LARGE($L$23:$L$622,N13),$L$23:$L$622,0)),"") -> 15.11 | S13: =IFERROR(INDEX($K$23:$K$622,MATCH(LARGE($L$23:$L$622,N13),$L$23:$L$622,0)),"") -> MẠNH
A14: 4D | B14: 4D-2 | C14: =IFERROR(TRIM(MID(VI_TRI_GHEP!$I$3,FIND(" ",VI_TRI_GHEP!$I$3)+1,99)),VI_TRI_GHEP!$I$3) -> T7-P4 | D14: =DONG_THUAN_GHEP!$J$9 | E14: =COUNTIF($D$630:$D$3629,B14) -> 600 | F14: =SUMIF($D$630:$D$3629,B14,$F$630:$F$3629) -> 2277 | G14: =IF(E14=0,0,F14/E14) -> 3.795 | H14: =IFERROR(AVERAGEIF($D$630:$D$3629,B14,$G$630:$G$3629),0) -> 4.325 | I14: =ROUND(H14+F14*0.5+G14*10,1) -> 1180.8 | J14: =IF(I14>=LARGE($I$7:$I$17,3),"MẠNH",IF(I14>=LARGE($I$7:$I$17,8),"TRUNG BÌNH","YẾU")) -> MẠNH | K14: =IF(J14="MẠNH",2,IF(J14="TRUNG BÌNH",1,-1)) -> 2 | L14: =IF(J14="MẠNH","Ưu tiên cộng vào dàn ghép",IF(J14="TRUNG BÌNH","Giữ theo dõi, dùng phụ","Yếu - chỉ giữ khi 2D rất mạnh")) -> Ưu tiên cộng vào dàn ghép | N14: 7 | O14: =IFERROR(INDEX($B$23:$B$622,MATCH(LARGE($L$23:$L$622,N14),$L$23:$L$622,0)),"") -> 83 | P14: =IFERROR(INDEX($C$23:$C$622,MATCH(LARGE($L$23:$L$622,N14),$L$23:$L$622,0)),"") -> 83 | Q14: =IFERROR(INDEX($D$23:$D$622,MATCH(LARGE($L$23:$L$622,N14),$L$23:$L$622,0)),"") -> 3D-3 | R14: =IFERROR(INDEX($J$23:$J$622,MATCH(LARGE($L$23:$L$622,N14),$L$23:$L$622,0)),"") -> 15.11 | S14: =IFERROR(INDEX($K$23:$K$622,MATCH(LARGE($L$23:$L$622,N14),$L$23:$L$622,0)),"") -> MẠNH
A15: 4D | B15: 4D-3 | C15: =IFERROR(TRIM(MID(VI_TRI_GHEP!$J$3,FIND(" ",VI_TRI_GHEP!$J$3)+1,99)),VI_TRI_GHEP!$J$3) -> CN-P2 | D15: =DONG_THUAN_GHEP!$K$9 | E15: =COUNTIF($D$630:$D$3629,B15) -> 600 | F15: =SUMIF($D$630:$D$3629,B15,$F$630:$F$3629) -> 2244 | G15: =IF(E15=0,0,F15/E15) -> 3.74 | H15: =IFERROR(AVERAGEIF($D$630:$D$3629,B15,$G$630:$G$3629),0) -> 4.27 | I15: =ROUND(H15+F15*0.5+G15*10,1) -> 1163.7 | J15: =IF(I15>=LARGE($I$7:$I$17,3),"MẠNH",IF(I15>=LARGE($I$7:$I$17,8),"TRUNG BÌNH","YẾU")) -> MẠNH | K15: =IF(J15="MẠNH",2,IF(J15="TRUNG BÌNH",1,-1)) -> 2 | L15: =IF(J15="MẠNH","Ưu tiên cộng vào dàn ghép",IF(J15="TRUNG BÌNH","Giữ theo dõi, dùng phụ","Yếu - chỉ giữ khi 2D rất mạnh")) -> Ưu tiên cộng vào dàn ghép | N15: 8 | O15: =IFERROR(INDEX($B$23:$B$622,MATCH(LARGE($L$23:$L$622,N15),$L$23:$L$622,0)),"") -> 83 | P15: =IFERROR(INDEX($C$23:$C$622,MATCH(LARGE($L$23:$L$622,N15),$L$23:$L$622,0)),"") -> 83 | Q15: =IFERROR(INDEX($D$23:$D$622,MATCH(LARGE($L$23:$L$622,N15),$L$23:$L$622,0)),"") -> 3D-3 | R15: =IFERROR(INDEX($J$23:$J$622,MATCH(LARGE($L$23:$L$622,N15),$L$23:$L$622,0)),"") -> 15.11 | S15: =IFERROR(INDEX($K$23:$K$622,MATCH(LARGE($L$23:$L$622,N15),$L$23:$L$622,0)),"") -> MẠNH
A16: 4D | B16: 4D-4 | C16: =IFERROR(TRIM(MID(VI_TRI_GHEP!$K$3,FIND(" ",VI_TRI_GHEP!$K$3)+1,99)),VI_TRI_GHEP!$K$3) -> CN-P3 | D16: =DONG_THUAN_GHEP!$L$9 | E16: =COUNTIF($D$630:$D$3629,B16) -> 600 | F16: =SUMIF($D$630:$D$3629,B16,$F$630:$F$3629) -> 2244 | G16: =IF(E16=0,0,F16/E16) -> 3.74 | H16: =IFERROR(AVERAGEIF($D$630:$D$3629,B16,$G$630:$G$3629),0) -> 4.27 | I16: =ROUND(H16+F16*0.5+G16*10,1) -> 1163.7 | J16: =IF(I16>=LARGE($I$7:$I$17,3),"MẠNH",IF(I16>=LARGE($I$7:$I$17,8),"TRUNG BÌNH","YẾU")) -> MẠNH | K16: =IF(J16="MẠNH",2,IF(J16="TRUNG BÌNH",1,-1)) -> 2 | L16: =IF(J16="MẠNH","Ưu tiên cộng vào dàn ghép",IF(J16="TRUNG BÌNH","Giữ theo dõi, dùng phụ","Yếu - chỉ giữ khi 2D rất mạnh")) -> Ưu tiên cộng vào dàn ghép | N16: 9 | O16: =IFERROR(INDEX($B$23:$B$622,MATCH(LARGE($L$23:$L$622,N16),$L$23:$L$622,0)),"") -> 81 | P16: =IFERROR(INDEX($C$23:$C$622,MATCH(LARGE($L$23:$L$622,N16),$L$23:$L$622,0)),"") -> 81 | Q16: =IFERROR(INDEX($D$23:$D$622,MATCH(LARGE($L$23:$L$622,N16),$L$23:$L$622,0)),"") -> 3D-3 | R16: =IFERROR(INDEX($J$23:$J$622,MATCH(LARGE($L$23:$L$622,N16),$L$23:$L$622,0)),"") -> 15.11 | S16: =IFERROR(INDEX($K$23:$K$622,MATCH(LARGE($L$23:$L$622,N16),$L$23:$L$622,0)),"") -> MẠNH
A17: 4D | B17: 4D-5 | C17: =IFERROR(TRIM(MID(VI_TRI_GHEP!$L$3,FIND(" ",VI_TRI_GHEP!$L$3)+1,99)),VI_TRI_GHEP!$L$3) -> CN-P4 | D17: =DONG_THUAN_GHEP!$M$9 | E17: =COUNTIF($D$630:$D$3629,B17) -> 600 | F17: =SUMIF($D$630:$D$3629,B17,$F$630:$F$3629) -> 2244 | G17: =IF(E17=0,0,F17/E17) -> 3.74 | H17: =IFERROR(AVERAGEIF($D$630:$D$3629,B17,$G$630:$G$3629),0) -> 4.27 | I17: =ROUND(H17+F17*0.5+G17*10,1) -> 1163.7 | J17: =IF(I17>=LARGE($I$7:$I$17,3),"MẠNH",IF(I17>=LARGE($I$7:$I$17,8),"TRUNG BÌNH","YẾU")) -> MẠNH | K17: =IF(J17="MẠNH",2,IF(J17="TRUNG BÌNH",1,-1)) -> 2 | L17: =IF(J17="MẠNH","Ưu tiên cộng vào dàn ghép",IF(J17="TRUNG BÌNH","Giữ theo dõi, dùng phụ","Yếu - chỉ giữ khi 2D rất mạnh")) -> Ưu tiên cộng vào dàn ghép | N17: 10 | O17: =IFERROR(INDEX($B$23:$B$622,MATCH(LARGE($L$23:$L$622,N17),$L$23:$L$622,0)),"") -> 81 | P17: =IFERROR(INDEX($C$23:$C$622,MATCH(LARGE($L$23:$L$622,N17),$L$23:$L$622,0)),"") -> 81 | Q17: =IFERROR(INDEX($D$23:$D$622,MATCH(LARGE($L$23:$L$622,N17),$L$23:$L$622,0)),"") -> 3D-3 | R17: =IFERROR(INDEX($J$23:$J$622,MATCH(LARGE($L$23:$L$622,N17),$L$23:$L$622,0)),"") -> 15.11 | S17: =IFERROR(INDEX($K$23:$K$622,MATCH(LARGE($L$23:$L$622,N17),$L$23:$L$622,0)),"") -> MẠNH
N18: 11 | O18: =IFERROR(INDEX($B$23:$B$622,MATCH(LARGE($L$23:$L$622,N18),$L$23:$L$622,0)),"") -> 81 | P18: =IFERROR(INDEX($C$23:$C$622,MATCH(LARGE($L$23:$L$622,N18),$L$23:$L$622,0)),"") -> 81 | Q18: =IFERROR(INDEX($D$23:$D$622,MATCH(LARGE($L$23:$L$622,N18),$L$23:$L$622,0)),"") -> 3D-3 | R18: =IFERROR(INDEX($J$23:$J$622,MATCH(LARGE($L$23:$L$622,N18),$L$23:$L$622,0)),"") -> 15.11 | S18: =IFERROR(INDEX($K$23:$K$622,MATCH(LARGE($L$23:$L$622,N18),$L$23:$L$622,0)),"") -> MẠNH
N19: 12 | O19: =IFERROR(INDEX($B$23:$B$622,MATCH(LARGE($L$23:$L$622,N19),$L$23:$L$622,0)),"") -> 81 | P19: =IFERROR(INDEX($C$23:$C$622,MATCH(LARGE($L$23:$L$622,N19),$L$23:$L$622,0)),"") -> 81 | Q19: =IFERROR(INDEX($D$23:$D$622,MATCH(LARGE($L$23:$L$622,N19),$L$23:$L$622,0)),"") -> 3D-3 | R19: =IFERROR(INDEX($J$23:$J$622,MATCH(LARGE($L$23:$L$622,N19),$L$23:$L$622,0)),"") -> 15.11 | S19: =IFERROR(INDEX($K$23:$K$622,MATCH(LARGE($L$23:$L$622,N19),$L$23:$L$622,0)),"") -> MẠNH
N20: 13 | O20: =IFERROR(INDEX($B$23:$B$622,MATCH(LARGE($L$23:$L$622,N20),$L$23:$L$622,0)),"") -> 76 | P20: =IFERROR(INDEX($C$23:$C$622,MATCH(LARGE($L$23:$L$622,N20),$L$23:$L$622,0)),"") -> 76 | Q20: =IFERROR(INDEX($D$23:$D$622,MATCH(LARGE($L$23:$L$622,N20),$L$23:$L$622,0)),"") -> 3D-3 | R20: =IFERROR(INDEX($J$23:$J$622,MATCH(LARGE($L$23:$L$622,N20),$L$23:$L$622,0)),"") -> 15.11 | S20: =IFERROR(INDEX($K$23:$K$622,MATCH(LARGE($L$23:$L$622,N20),$L$23:$L$622,0)),"") -> MẠNH
A21: DÀN 3D ĐÃ CỘNG ĐIỂM MẠNH/YẾU VỊ TRÍ | N21: 14 | O21: =IFERROR(INDEX($B$23:$B$622,MATCH(LARGE($L$23:$L$622,N21),$L$23:$L$622,0)),"") -> 76 | P21: =IFERROR(INDEX($C$23:$C$622,MATCH(LARGE($L$23:$L$622,N21),$L$23:$L$622,0)),"") -> 76 | Q21: =IFERROR(INDEX($D$23:$D$622,MATCH(LARGE($L$23:$L$622,N21),$L$23:$L$622,0)),"") -> 3D-3 | R21: =IFERROR(INDEX($J$23:$J$622,MATCH(LARGE($L$23:$L$622,N21),$L$23:$L$622,0)),"") -> 15.11 | S21: =IFERROR(INDEX($K$23:$K$622,MATCH(LARGE($L$23:$L$622,N21),$L$23:$L$622,0)),"") -> MẠNH
A22: STT | B22: 3D | C22: 2D gốc | D22: Mã vị trí | E22: Điểm 2D | F22: Số trùng | G22: Điểm gốc 3D | H22: Điểm vị trí | I22: Xếp hạng vị trí | J22: Điểm sau cộng | K22: Nhóm dàn | L22: Key xếp hạng | N22: 15 | O22: =IFERROR(INDEX($B$23:$B$622,MATCH(LARGE($L$23:$L$622,N22),$L$23:$L$622,0)),"") -> 76 | P22: =IFERROR(INDEX($C$23:$C$622,MATCH(LARGE($L$23:$L$622,N22),$L$23:$L$622,0)),"") -> 76 | Q22: =IFERROR(INDEX($D$23:$D$622,MATCH(LARGE($L$23:$L$622,N22),$L$23:$L$622,0)),"") -> 3D-3 | R22: =IFERROR(INDEX($J$23:$J$622,MATCH(LARGE($L$23:$L$622,N22),$L$23:$L$622,0)),"") -> 15.11 | S22: =IFERROR(INDEX($K$23:$K$622,MATCH(LARGE($L$23:$L$622,N22),$L$23:$L$622,0)),"") -> MẠNH
A23: 1 | B23: =DIEM_3D!A2 | C23: =DIEM_3D!B2 | D23: =INDEX($B$7:$B$12,MOD(ROW()-23,6)+1) -> 3D-1 | E23: =DIEM_3D!C2 -> 0 | F23: =DIEM_3D!D2 -> 0 | G23: =DIEM_3D!E2 -> 0 | H23: =IF(B23="",0,VLOOKUP(D23,$B$7:$K$17,8,FALSE)) -> 0 | I23: =IF(B23="","",VLOOKUP(D23,$B$7:$K$17,9,FALSE)) | J23: =IF(B23="",0,G23+H23/10+VLOOKUP(D23,$B$7:$K$17,10,FALSE)) -> 0 | K23: =IF(B23="","",IF(J23>=LARGE($J$23:$J$622,15),"MẠNH",IF(J23>=LARGE($J$23:$J$622,40),"TRUNG BÌNH","YẾU"))) | L23: =IF(B23="",0,J23*1000000+VALUE(B23)) -> 0 | N23: 16 | O23: =IFERROR(INDEX($B$23:$B$622,MATCH(LARGE($L$23:$L$622,N23),$L$23:$L$622,0)),"") -> 76 | P23: =IFERROR(INDEX($C$23:$C$622,MATCH(LARGE($L$23:$L$622,N23),$L$23:$L$622,0)),"") -> 76 | Q23: =IFERROR(INDEX($D$23:$D$622,MATCH(LARGE($L$23:$L$622,N23),$L$23:$L$622,0)),"") -> 3D-3 | R23: =IFERROR(INDEX($J$23:$J$622,MATCH(LARGE($L$23:$L$622,N23),$L$23:$L$622,0)),"") -> 15.11 | S23: =IFERROR(INDEX($K$23:$K$622,MATCH(LARGE($L$23:$L$622,N23),$L$23:$L$622,0)),"") -> MẠNH
A24: 2 | B24: =DIEM_3D!A3 | C24: =DIEM_3D!B3 | D24: =INDEX($B$7:$B$12,MOD(ROW()-23,6)+1) -> 3D-2 | E24: =DIEM_3D!C3 -> 0 | F24: =DIEM_3D!D3 -> 0 | G24: =DIEM_3D!E3 -> 0 | H24: =IF(B24="",0,VLOOKUP(D24,$B$7:$K$17,8,FALSE)) -> 0 | I24: =IF(B24="","",VLOOKUP(D24,$B$7:$K$17,9,FALSE)) | J24: =IF(B24="",0,G24+H24/10+VLOOKUP(D24,$B$7:$K$17,10,FALSE)) -> 0 | K24: =IF(B24="","",IF(J24>=LARGE($J$23:$J$622,15),"MẠNH",IF(J24>=LARGE($J$23:$J$622,40),"TRUNG BÌNH","YẾU"))) | L24: =IF(B24="",0,J24*1000000+VALUE(B24)) -> 0 | N24: 17 | O24: =IFERROR(INDEX($B$23:$B$622,MATCH(LARGE($L$23:$L$622,N24),$L$23:$L$622,0)),"") -> 72 | P24: =IFERROR(INDEX($C$23:$C$622,MATCH(LARGE($L$23:$L$622,N24),$L$23:$L$622,0)),"") -> 72 | Q24: =IFERROR(INDEX($D$23:$D$622,MATCH(LARGE($L$23:$L$622,N24),$L$23:$L$622,0)),"") -> 3D-3 | R24: =IFERROR(INDEX($J$23:$J$622,MATCH(LARGE($L$23:$L$622,N24),$L$23:$L$622,0)),"") -> 15.11 | S24: =IFERROR(INDEX($K$23:$K$622,MATCH(LARGE($L$23:$L$622,N24),$L$23:$L$622,0)),"") -> MẠNH
A25: 3 | B25: =DIEM_3D!A4 | C25: =DIEM_3D!B4 | D25: =INDEX($B$7:$B$12,MOD(ROW()-23,6)+1) -> 3D-3 | E25: =DIEM_3D!C4 -> 0 | F25: =DIEM_3D!D4 -> 0 | G25: =DIEM_3D!E4 -> 0 | H25: =IF(B25="",0,VLOOKUP(D25,$B$7:$K$17,8,FALSE)) -> 0 | I25: =IF(B25="","",VLOOKUP(D25,$B$7:$K$17,9,FALSE)) | J25: =IF(B25="",0,G25+H25/10+VLOOKUP(D25,$B$7:$K$17,10,FALSE)) -> 0 | K25: =IF(B25="","",IF(J25>=LARGE($J$23:$J$622,15),"MẠNH",IF(J25>=LARGE($J$23:$J$622,40),"TRUNG BÌNH","YẾU"))) | L25: =IF(B25="",0,J25*1000000+VALUE(B25)) -> 0 | N25: 18 | O25: =IFERROR(INDEX($B$23:$B$622,MATCH(LARGE($L$23:$L$622,N25),$L$23:$L$622,0)),"") -> 72 | P25: =IFERROR(INDEX($C$23:$C$622,MATCH(LARGE($L$23:$L$622,N25),$L$23:$L$622,0)),"") -> 72 | Q25: =IFERROR(INDEX($D$23:$D$622,MATCH(LARGE($L$23:$L$622,N25),$L$23:$L$622,0)),"") -> 3D-3 | R25: =IFERROR(INDEX($J$23:$J$622,MATCH(LARGE($L$23:$L$622,N25),$L$23:$L$622,0)),"") -> 15.11 | S25: =IFERROR(INDEX($K$23:$K$622,MATCH(LARGE($L$23:$L$622,N25),$L$23:$L$622,0)),"") -> MẠNH
A26: 4 | B26: =DIEM_3D!A5 | C26: =DIEM_3D!B5 | D26: =INDEX($B$7:$B$12,MOD(ROW()-23,6)+1) -> 3D-4 | E26: =DIEM_3D!C5 -> 0 | F26: =DIEM_3D!D5 -> 0 | G26: =DIEM_3D!E5 -> 0 | H26: =IF(B26="",0,VLOOKUP(D26,$B$7:$K$17,8,FALSE)) -> 0 | I26: =IF(B26="","",VLOOKUP(D26,$B$7:$K$17,9,FALSE)) | J26: =IF(B26="",0,G26+H26/10+VLOOKUP(D26,$B$7:$K$17,10,FALSE)) -> 0 | K26: =IF(B26="","",IF(J26>=LARGE($J$23:$J$622,15),"MẠNH",IF(J26>=LARGE($J$23:$J$622,40),"TRUNG BÌNH","YẾU"))) | L26: =IF(B26="",0,J26*1000000+VALUE(B26)) -> 0 | N26: 19 | O26: =IFERROR(INDEX($B$23:$B$622,MATCH(LARGE($L$23:$L$622,N26),$L$23:$L$622,0)),"") -> 72 | P26: =IFERROR(INDEX($C$23:$C$622,MATCH(LARGE($L$23:$L$622,N26),$L$23:$L$622,0)),"") -> 72 | Q26: =IFERROR(INDEX($D$23:$D$622,MATCH(LARGE($L$23:$L$622,N26),$L$23:$L$622,0)),"") -> 3D-3 | R26: =IFERROR(INDEX($J$23:$J$622,MATCH(LARGE($L$23:$L$622,N26),$L$23:$L$622,0)),"") -> 15.11 | S26: =IFERROR(INDEX($K$23:$K$622,MATCH(LARGE($L$23:$L$622,N26),$L$23:$L$622,0)),"") -> MẠNH
A27: 5 | B27: =DIEM_3D!A6 | C27: =DIEM_3D!B6 | D27: =INDEX($B$7:$B$12,MOD(ROW()-23,6)+1) -> 3D-5 | E27: =DIEM_3D!C6 -> 0 | F27: =DIEM_3D!D6 -> 0 | G27: =DIEM_3D!E6 -> 0 | H27: =IF(B27="",0,VLOOKUP(D27,$B$7:$K$17,8,FALSE)) -> 0 | I27: =IF(B27="","",VLOOKUP(D27,$B$7:$K$17,9,FALSE)) | J27: =IF(B27="",0,G27+H27/10+VLOOKUP(D27,$B$7:$K$17,10,FALSE)) -> 0 | K27: =IF(B27="","",IF(J27>=LARGE($J$23:$J$622,15),"MẠNH",IF(J27>=LARGE($J$23:$J$622,40),"TRUNG BÌNH","YẾU"))) | L27: =IF(B27="",0,J27*1000000+VALUE(B27)) -> 0 | N27: 20 | O27: =IFERROR(INDEX($B$23:$B$622,MATCH(LARGE($L$23:$L$622,N27),$L$23:$L$622,0)),"") -> 72 | P27: =IFERROR(INDEX($C$23:$C$622,MATCH(LARGE($L$23:$L$622,N27),$L$23:$L$622,0)),"") -> 72 | Q27: =IFERROR(INDEX($D$23:$D$622,MATCH(LARGE($L$23:$L$622,N27),$L$23:$L$622,0)),"") -> 3D-3 | R27: =IFERROR(INDEX($J$23:$J$622,MATCH(LARGE($L$23:$L$622,N27),$L$23:$L$622,0)),"") -> 15.11 | S27: =IFERROR(INDEX($K$23:$K$622,MATCH(LARGE($L$23:$L$622,N27),$L$23:$L$622,0)),"") -> MẠNH
A28: 6 | B28: =DIEM_3D!A7 | C28: =DIEM_3D!B7 | D28: =INDEX($B$7:$B$12,MOD(ROW()-23,6)+1) -> 3D-6 | E28: =DIEM_3D!C7 -> 0 | F28: =DIEM_3D!D7 -> 0 | G28: =DIEM_3D!E7 -> 0 | H28: =IF(B28="",0,VLOOKUP(D28,$B$7:$K$17,8,FALSE)) -> 0 | I28: =IF(B28="","",VLOOKUP(D28,$B$7:$K$17,9,FALSE)) | J28: =IF(B28="",0,G28+H28/10+VLOOKUP(D28,$B$7:$K$17,10,FALSE)) -> 0 | K28: =IF(B28="","",IF(J28>=LARGE($J$23:$J$622,15),"MẠNH",IF(J28>=LARGE($J$23:$J$622,40),"TRUNG BÌNH","YẾU"))) | L28: =IF(B28="",0,J28*1000000+VALUE(B28)) -> 0
A29: 7 | B29: =DIEM_3D!A8 | C29: =DIEM_3D!B8 | D29: =INDEX($B$7:$B$12,MOD(ROW()-23,6)+1) -> 3D-1 | E29: =DIEM_3D!C8 -> 0 | F29: =DIEM_3D!D8 -> 0 | G29: =DIEM_3D!E8 -> 0 | H29: =IF(B29="",0,VLOOKUP(D29,$B$7:$K$17,8,FALSE)) -> 0 | I29: =IF(B29="","",VLOOKUP(D29,$B$7:$K$17,9,FALSE)) | J29: =IF(B29="",0,G29+H29/10+VLOOKUP(D29,$B$7:$K$17,10,FALSE)) -> 0 | K29: =IF(B29="","",IF(J29>=LARGE($J$23:$J$622,15),"MẠNH",IF(J29>=LARGE($J$23:$J$622,40),"TRUNG BÌNH","YẾU"))) | L29: =IF(B29="",0,J29*1000000+VALUE(B29)) -> 0
A30: 8 | B30: =DIEM_3D!A9 | C30: =DIEM_3D!B9 | D30: =INDEX($B$7:$B$12,MOD(ROW()-23,6)+1) -> 3D-2 | E30: =DIEM_3D!C9 -> 0 | F30: =DIEM_3D!D9 -> 0 | G30: =DIEM_3D!E9 -> 0 | H30: =IF(B30="",0,VLOOKUP(D30,$B$7:$K$17,8,FALSE)) -> 0 | I30: =IF(B30="","",VLOOKUP(D30,$B$7:$K$17,9,FALSE)) | J30: =IF(B30="",0,G30+H30/10+VLOOKUP(D30,$B$7:$K$17,10,FALSE)) -> 0 | K30: =IF(B30="","",IF(J30>=LARGE($J$23:$J$622,15),"MẠNH",IF(J30>=LARGE($J$23:$J$622,40),"TRUNG BÌNH","YẾU"))) | L30: =IF(B30="",0,J30*1000000+VALUE(B30)) -> 0 | N30: TOP 4D SAU KHI CỘNG ĐIỂM VỊ TRÍ
A31: 9 | B31: =DIEM_3D!A10 | C31: =DIEM_3D!B10 | D31: =INDEX($B$7:$B$12,MOD(ROW()-23,6)+1) -> 3D-3 | E31: =DIEM_3D!C10 -> 0 | F31: =DIEM_3D!D10 -> 0 | H31: =IF(B31="",0,VLOOKUP(D31,$B$7:$K$17,8,FALSE)) -> 0 | I31: =IF(B31="","",VLOOKUP(D31,$B$7:$K$17,9,FALSE)) | J31: =IF(B31="",0,L36+H31/10+VLOOKUP(D31,$B$7:$K$17,10,FALSE)) -> 0 | K31: =IF(B31="","",IF(J31>=LARGE($J$23:$J$622,15),"MẠNH",IF(J31>=LARGE($J$23:$J$622,40),"TRUNG BÌNH","YẾU"))) | L31: =IF(B31="",0,J31*1000000+VALUE(B31)) -> 0 | N31: STT | O31: 4D | P31: 2D gốc | Q31: Vị trí | R31: Điểm mới | S31: Nhóm
A32: 10 | B32: =DIEM_3D!A11 | C32: =DIEM_3D!B11 | D32: =INDEX($B$7:$B$12,MOD(ROW()-23,6)+1) -> 3D-4 | E32: =DIEM_3D!C11 -> 0 | F32: =DIEM_3D!D11 -> 0 | G32: =DIEM_3D!E11 -> 0 | H32: =IF(B32="",0,VLOOKUP(D32,$B$7:$K$17,8,FALSE)) -> 0 | I32: =IF(B32="","",VLOOKUP(D32,$B$7:$K$17,9,FALSE)) | J32: =IF(B32="",0,G32+H32/10+VLOOKUP(D32,$B$7:$K$17,10,FALSE)) -> 0 | K32: =IF(B32="","",IF(J32>=LARGE($J$23:$J$622,15),"MẠNH",IF(J32>=LARGE($J$23:$J$622,40),"TRUNG BÌNH","YẾU"))) | L32: =IF(B32="",0,J32*1000000+VALUE(B32)) -> 0 | N32: 1 | O32: =IFERROR(INDEX($B$630:$B$3629,MATCH(LARGE($L$630:$L$3629,N32),$L$630:$L$3629,0)),"") -> 92 | P32: =IFERROR(INDEX($C$630:$C$3629,MATCH(LARGE($L$630:$L$3629,N32),$L$630:$L$3629,0)),"") -> 92 | Q32: =IFERROR(INDEX($D$630:$D$3629,MATCH(LARGE($L$630:$L$3629,N32),$L$630:$L$3629,0)),"") -> 4D-2 | R32: =IFERROR(INDEX($J$630:$J$3629,MATCH(LARGE($L$630:$L$3629,N32),$L$630:$L$3629,0)),"") -> 138.08 | S32: =IFERROR(INDEX($K$630:$K$3629,MATCH(LARGE($L$630:$L$3629,N32),$L$630:$L$3629,0)),"") -> MẠNH
A33: 11 | B33: =DIEM_3D!A12 | C33: =DIEM_3D!B12 | D33: =INDEX($B$7:$B$12,MOD(ROW()-23,6)+1) -> 3D-5 | E33: =DIEM_3D!C12 -> 0 | F33: =DIEM_3D!D12 -> 0 | G33: =DIEM_3D!E12 -> 0 | H33: =IF(B33="",0,VLOOKUP(D33,$B$7:$K$17,8,FALSE)) -> 0 | I33: =IF(B33="","",VLOOKUP(D33,$B$7:$K$17,9,FALSE)) | J33: =IF(B33="",0,G33+H33/10+VLOOKUP(D33,$B$7:$K$17,10,FALSE)) -> 0 | K33: =IF(B33="","",IF(J33>=LARGE($J$23:$J$622,15),"MẠNH",IF(J33>=LARGE($J$23:$J$622,40),"TRUNG BÌNH","YẾU"))) | L33: =IF(B33="",0,J33*1000000+VALUE(B33)) -> 0 | N33: 2 | O33: =IFERROR(INDEX($B$630:$B$3629,MATCH(LARGE($L$630:$L$3629,N33),$L$630:$L$3629,0)),"") -> 92 | P33: =IFERROR(INDEX($C$630:$C$3629,MATCH(LARGE($L$630:$L$3629,N33),$L$630:$L$3629,0)),"") -> 92 | Q33: =IFERROR(INDEX($D$630:$D$3629,MATCH(LARGE($L$630:$L$3629,N33),$L$630:$L$3629,0)),"") -> 4D-2 | R33: =IFERROR(INDEX($J$630:$J$3629,MATCH(LARGE($L$630:$L$3629,N33),$L$630:$L$3629,0)),"") -> 138.08 | S33: =IFERROR(INDEX($K$630:$K$3629,MATCH(LARGE($L$630:$L$3629,N33),$L$630:$L$3629,0)),"") -> MẠNH
A34: 12 | B34: =DIEM_3D!A13 | C34: =DIEM_3D!B13 | D34: =INDEX($B$7:$B$12,MOD(ROW()-23,6)+1) -> 3D-6 | E34: =DIEM_3D!C13 -> 0 | F34: =DIEM_3D!D13 -> 0 | G34: =DIEM_3D!E13 -> 0 | H34: =IF(B34="",0,VLOOKUP(D34,$B$7:$K$17,8,FALSE)) -> 0 | I34: =IF(B34="","",VLOOKUP(D34,$B$7:$K$17,9,FALSE)) | J34: =IF(B34="",0,G34+H34/10+VLOOKUP(D34,$B$7:$K$17,10,FALSE)) -> 0 | K34: =IF(B34="","",IF(J34>=LARGE($J$23:$J$622,15),"MẠNH",IF(J34>=LARGE($J$23:$J$622,40),"TRUNG BÌNH","YẾU"))) | L34: =IF(B34="",0,J34*1000000+VALUE(B34)) -> 0 | N34: 3 | O34: =IFERROR(INDEX($B$630:$B$3629,MATCH(LARGE($L$630:$L$3629,N34),$L$630:$L$3629,0)),"") -> 92 | P34: =IFERROR(INDEX($C$630:$C$3629,MATCH(LARGE($L$630:$L$3629,N34),$L$630:$L$3629,0)),"") -> 92 | Q34: =IFERROR(INDEX($D$630:$D$3629,MATCH(LARGE($L$630:$L$3629,N34),$L$630:$L$3629,0)),"") -> 4D-2 | R34: =IFERROR(INDEX($J$630:$J$3629,MATCH(LARGE($L$630:$L$3629,N34),$L$630:$L$3629,0)),"") -> 138.08 | S34: =IFERROR(INDEX($K$630:$K$3629,MATCH(LARGE($L$630:$L$3629,N34),$L$630:$L$3629,0)),"") -> MẠNH
A35: 13 | B35: =DIEM_3D!A14 | C35: =DIEM_3D!B14 | D35: =INDEX($B$7:$B$12,MOD(ROW()-23,6)+1) -> 3D-1 | E35: =DIEM_3D!C14 -> 0 | F35: =DIEM_3D!D14 -> 0 | G35: =DIEM_3D!E14 -> 0 | H35: =IF(B35="",0,VLOOKUP(D35,$B$7:$K$17,8,FALSE)) -> 0 | I35: =IF(B35="","",VLOOKUP(D35,$B$7:$K$17,9,FALSE)) | J35: =IF(B35="",0,G35+H35/10+VLOOKUP(D35,$B$7:$K$17,10,FALSE)) -> 0 | K35: =IF(B35="","",IF(J35>=LARGE($J$23:$J$622,15),"MẠNH",IF(J35>=LARGE($J$23:$J$622,40),"TRUNG BÌNH","YẾU"))) | L35: =IF(B35="",0,J35*1000000+VALUE(B35)) -> 0 | N35: 4 | O35: =IFERROR(INDEX($B$630:$B$3629,MATCH(LARGE($L$630:$L$3629,N35),$L$630:$L$3629,0)),"") -> 92 | P35: =IFERROR(INDEX($C$630:$C$3629,MATCH(LARGE($L$630:$L$3629,N35),$L$630:$L$3629,0)),"") -> 92 | Q35: =IFERROR(INDEX($D$630:$D$3629,MATCH(LARGE($L$630:$L$3629,N35),$L$630:$L$3629,0)),"") -> 4D-2 | R35: =IFERROR(INDEX($J$630:$J$3629,MATCH(LARGE($L$630:$L$3629,N35),$L$630:$L$3629,0)),"") -> 138.08 | S35: =IFERROR(INDEX($K$630:$K$3629,MATCH(LARGE($L$630:$L$3629,N35),$L$630:$L$3629,0)),"") -> MẠNH
A36: 14 | B36: =DIEM_3D!A15 | C36: =DIEM_3D!B15 | D36: =INDEX($B$7:$B$12,MOD(ROW()-23,6)+1) -> 3D-2 | E36: =DIEM_3D!C15 -> 0 | F36: =DIEM_3D!D15 -> 0 | G36: =DIEM_3D!E15 -> 0 | H36: =IF(B36="",0,VLOOKUP(D36,$B$7:$K$17,8,FALSE)) -> 0 | I36: =IF(B36="","",VLOOKUP(D36,$B$7:$K$17,9,FALSE)) | J36: =IF(B36="",0,G36+H36/10+VLOOKUP(D36,$B$7:$K$17,10,FALSE)) -> 0 | K36: =IF(B36="","",IF(J36>=LARGE($J$23:$J$622,15),"MẠNH",IF(J36>=LARGE($J$23:$J$622,40),"TRUNG BÌNH","YẾU"))) | L36: =DIEM_3D!E10 -> 0 | N36: 5 | O36: =IFERROR(INDEX($B$630:$B$3629,MATCH(LARGE($L$630:$L$3629,N36),$L$630:$L$3629,0)),"") -> 83 | P36: =IFERROR(INDEX($C$630:$C$3629,MATCH(LARGE($L$630:$L$3629,N36),$L$630:$L$3629,0)),"") -> 83 | Q36: =IFERROR(INDEX($D$630:$D$3629,MATCH(LARGE($L$630:$L$3629,N36),$L$630:$L$3629,0)),"") -> 4D-2 | R36: =IFERROR(INDEX($J$630:$J$3629,MATCH(LARGE($L$630:$L$3629,N36),$L$630:$L$3629,0)),"") -> 138.08 | S36: =IFERROR(INDEX($K$630:$K$3629,MATCH(LARGE($L$630:$L$3629,N36),$L$630:$L$3629,0)),"") -> MẠNH
A37: 15 | B37: =DIEM_3D!A16 | C37: =DIEM_3D!B16 | D37: =INDEX($B$7:$B$12,MOD(ROW()-23,6)+1) -> 3D-3 | E37: =DIEM_3D!C16 -> 0 | F37: =DIEM_3D!D16 -> 0 | G37: =DIEM_3D!E16 -> 0 | H37: =IF(B37="",0,VLOOKUP(D37,$B$7:$K$17,8,FALSE)) -> 0 | I37: =IF(B37="","",VLOOKUP(D37,$B$7:$K$17,9,FALSE)) | J37: =IF(B37="",0,G37+H37/10+VLOOKUP(D37,$B$7:$K$17,10,FALSE)) -> 0 | K37: =IF(B37="","",IF(J37>=LARGE($J$23:$J$622,15),"MẠNH",IF(J37>=LARGE($J$23:$J$622,40),"TRUNG BÌNH","YẾU"))) | L37: =IF(B37="",0,J37*1000000+VALUE(B37)) -> 0 | N37: 6 | O37: =IFERROR(INDEX($B$630:$B$3629,MATCH(LARGE($L$630:$L$3629,N37),$L$630:$L$3629,0)),"") -> 83 | P37: =IFERROR(INDEX($C$630:$C$3629,MATCH(LARGE($L$630:$L$3629,N37),$L$630:$L$3629,0)),"") -> 83 | Q37: =IFERROR(INDEX($D$630:$D$3629,MATCH(LARGE($L$630:$L$3629,N37),$L$630:$L$3629,0)),"") -> 4D-2 | R37: =IFERROR(INDEX($J$630:$J$3629,MATCH(LARGE($L$630:$L$3629,N37),$L$630:$L$3629,0)),"") -> 138.08 | S37: =IFERROR(INDEX($K$630:$K$3629,MATCH(LARGE($L$630:$L$3629,N37),$L$630:$L$3629,0)),"") -> MẠNH
A38: 16 | B38: =DIEM_3D!A17 | C38: =DIEM_3D!B17 | D38: =INDEX($B$7:$B$12,MOD(ROW()-23,6)+1) -> 3D-4 | E38: =DIEM_3D!C17 -> 0 | F38: =DIEM_3D!D17 -> 0 | G38: =DIEM_3D!E17 -> 0 | H38: =IF(B38="",0,VLOOKUP(D38,$B$7:$K$17,8,FALSE)) -> 0 | I38: =IF(B38="","",VLOOKUP(D38,$B$7:$K$17,9,FALSE)) | J38: =IF(B38="",0,G38+H38/10+VLOOKUP(D38,$B$7:$K$17,10,FALSE)) -> 0 | K38: =IF(B38="","",IF(J38>=LARGE($J$23:$J$622,15),"MẠNH",IF(J38>=LARGE($J$23:$J$622,40),"TRUNG BÌNH","YẾU"))) | L38: =IF(B38="",0,J38*1000000+VALUE(B38)) -> 0 | N38: 7 | O38: =IFERROR(INDEX($B$630:$B$3629,MATCH(LARGE($L$630:$L$3629,N38),$L$630:$L$3629,0)),"") -> 83 | P38: =IFERROR(INDEX($C$630:$C$3629,MATCH(LARGE($L$630:$L$3629,N38),$L$630:$L$3629,0)),"") -> 83 | Q38: =IFERROR(INDEX($D$630:$D$3629,MATCH(LARGE($L$630:$L$3629,N38),$L$630:$L$3629,0)),"") -> 4D-2 | R38: =IFERROR(INDEX($J$630:$J$3629,MATCH(LARGE($L$630:$L$3629,N38),$L$630:$L$3629,0)),"") -> 138.08 | S38: =IFERROR(INDEX($K$630:$K$3629,MATCH(LARGE($L$630:$L$3629,N38),$L$630:$L$3629,0)),"") -> MẠNH
A39: 17 | B39: =DIEM_3D!A18 | C39: =DIEM_3D!B18 | D39: =INDEX($B$7:$B$12,MOD(ROW()-23,6)+1) -> 3D-5 | E39: =DIEM_3D!C18 -> 0 | F39: =DIEM_3D!D18 -> 0 | G39: =DIEM_3D!E18 -> 0 | H39: =IF(B39="",0,VLOOKUP(D39,$B$7:$K$17,8,FALSE)) -> 0 | I39: =IF(B39="","",VLOOKUP(D39,$B$7:$K$17,9,FALSE)) | J39: =IF(B39="",0,G39+H39/10+VLOOKUP(D39,$B$7:$K$17,10,FALSE)) -> 0 | K39: =IF(B39="","",IF(J39>=LARGE($J$23:$J$622,15),"MẠNH",IF(J39>=LARGE($J$23:$J$622,40),"TRUNG BÌNH","YẾU"))) | L39: =IF(B39="",0,J39*1000000+VALUE(B39)) -> 0 | N39: 8 | O39: =IFERROR(INDEX($B$630:$B$3629,MATCH(LARGE($L$630:$L$3629,N39),$L$630:$L$3629,0)),"") -> 83 | P39: =IFERROR(INDEX($C$630:$C$3629,MATCH(LARGE($L$630:$L$3629,N39),$L$630:$L$3629,0)),"") -> 83 | Q39: =IFERROR(INDEX($D$630:$D$3629,MATCH(LARGE($L$630:$L$3629,N39),$L$630:$L$3629,0)),"") -> 4D-2 | R39: =IFERROR(INDEX($J$630:$J$3629,MATCH(LARGE($L$630:$L$3629,N39),$L$630:$L$3629,0)),"") -> 138.08 | S39: =IFERROR(INDEX($K$630:$K$3629,MATCH(LARGE($L$630:$L$3629,N39),$L$630:$L$3629,0)),"") -> MẠNH
A40: 18 | B40: =DIEM_3D!A19 | C40: =DIEM_3D!B19 | D40: =INDEX($B$7:$B$12,MOD(ROW()-23,6)+1) -> 3D-6 | E40: =DIEM_3D!C19 -> 0 | F40: =DIEM_3D!D19 -> 0 | G40: =DIEM_3D!E19 -> 0 | H40: =IF(B40="",0,VLOOKUP(D40,$B$7:$K$17,8,FALSE)) -> 0 | I40: =IF(B40="","",VLOOKUP(D40,$B$7:$K$17,9,FALSE)) | J40: =IF(B40="",0,G40+H40/10+VLOOKUP(D40,$B$7:$K$17,10,FALSE)) -> 0 | K40: =IF(B40="","",IF(J40>=LARGE($J$23:$J$622,15),"MẠNH",IF(J40>=LARGE($J$23:$J$622,40),"TRUNG BÌNH","YẾU"))) | L40: =IF(B40="",0,J40*1000000+VALUE(B40)) -> 0 | N40: 9 | O40: =IFERROR(INDEX($B$630:$B$3629,MATCH(LARGE($L$630:$L$3629,N40),$L$630:$L$3629,0)),"") -> 81 | P40: =IFERROR(INDEX($C$630:$C$3629,MATCH(LARGE($L$630:$L$3629,N40),$L$630:$L$3629,0)),"") -> 81 | Q40: =IFERROR(INDEX($D$630:$D$3629,MATCH(LARGE($L$630:$L$3629,N40),$L$630:$L$3629,0)),"") -> 4D-2 | R40: =IFERROR(INDEX($J$630:$J$3629,MATCH(LARGE($L$630:$L$3629,N40),$L$630:$L$3629,0)),"") -> 138.08 | S40: =IFERROR(INDEX($K$630:$K$3629,MATCH(LARGE($L$630:$L$3629,N40),$L$630:$L$3629,0)),"") -> MẠNH
A41: 19 | B41: =DIEM_3D!A20 | C41: =DIEM_3D!B20 | D41: =INDEX($B$7:$B$12,MOD(ROW()-23,6)+1) -> 3D-1 | E41: =DIEM_3D!C20 -> 0 | F41: =DIEM_3D!D20 -> 0 | G41: =DIEM_3D!E20 -> 0 | H41: =IF(B41="",0,VLOOKUP(D41,$B$7:$K$17,8,FALSE)) -> 0 | I41: =IF(B41="","",VLOOKUP(D41,$B$7:$K$17,9,FALSE)) | J41: =IF(B41="",0,G41+H41/10+VLOOKUP(D41,$B$7:$K$17,10,FALSE)) -> 0 | K41: =IF(B41="","",IF(J41>=LARGE($J$23:$J$622,15),"MẠNH",IF(J41>=LARGE($J$23:$J$622,40),"TRUNG BÌNH","YẾU"))) | L41: =IF(B41="",0,J41*1000000+VALUE(B41)) -> 0 | N41: 10 | O41: =IFERROR(INDEX($B$630:$B$3629,MATCH(LARGE($L$630:$L$3629,N41),$L$630:$L$3629,0)),"") -> 81 | P41: =IFERROR(INDEX($C$630:$C$3629,MATCH(LARGE($L$630:$L$3629,N41),$L$630:$L$3629,0)),"") -> 81 | Q41: =IFERROR(INDEX($D$630:$D$3629,MATCH(LARGE($L$630:$L$3629,N41),$L$630:$L$3629,0)),"") -> 4D-2 | R41: =IFERROR(INDEX($J$630:$J$3629,MATCH(LARGE($L$630:$L$3629,N41),$L$630:$L$3629,0)),"") -> 138.08 | S41: =IFERROR(INDEX($K$630:$K$3629,MATCH(LARGE($L$630:$L$3629,N41),$L$630:$L$3629,0)),"") -> MẠNH
A42: 20 | B42: =DIEM_3D!A21 | C42: =DIEM_3D!B21 | D42: =INDEX($B$7:$B$12,MOD(ROW()-23,6)+1) -> 3D-2 | E42: =DIEM_3D!C21 -> 0 | F42: =DIEM_3D!D21 -> 0 | G42: =DIEM_3D!E21 -> 0 | H42: =IF(B42="",0,VLOOKUP(D42,$B$7:$K$17,8,FALSE)) -> 0 | I42: =IF(B42="","",VLOOKUP(D42,$B$7:$K$17,9,FALSE)) | J42: =IF(B42="",0,G42+H42/10+VLOOKUP(D42,$B$7:$K$17,10,FALSE)) -> 0 | K42: =IF(B42="","",IF(J42>=LARGE($J$23:$J$622,15),"MẠNH",IF(J42>=LARGE($J$23:$J$622,40),"TRUNG BÌNH","YẾU"))) | L42: =IF(B42="",0,J42*1000000+VALUE(B42)) -> 0 | N42: 11 | O42: =IFERROR(INDEX($B$630:$B$3629,MATCH(LARGE($L$630:$L$3629,N42),$L$630:$L$3629,0)),"") -> 81 | P42: =IFERROR(INDEX($C$630:$C$3629,MATCH(LARGE($L$630:$L$3629,N42),$L$630:$L$3629,0)),"") -> 81 | Q42: =IFERROR(INDEX($D$630:$D$3629,MATCH(LARGE($L$630:$L$3629,N42),$L$630:$L$3629,0)),"") -> 4D-2 | R42: =IFERROR(INDEX($J$630:$J$3629,MATCH(LARGE($L$630:$L$3629,N42),$L$630:$L$3629,0)),"") -> 138.08 | S42: =IFERROR(INDEX($K$630:$K$3629,MATCH(LARGE($L$630:$L$3629,N42),$L$630:$L$3629,0)),"") -> MẠNH
A43: 21 | B43: =DIEM_3D!A22 | C43: =DIEM_3D!B22 | D43: =INDEX($B$7:$B$12,MOD(ROW()-23,6)+1) -> 3D-3 | E43: =DIEM_3D!C22 -> 0 | F43: =DIEM_3D!D22 -> 0 | G43: =DIEM_3D!E22 -> 0 | H43: =IF(B43="",0,VLOOKUP(D43,$B$7:$K$17,8,FALSE)) -> 0 | I43: =IF(B43="","",VLOOKUP(D43,$B$7:$K$17,9,FALSE)) | J43: =IF(B43="",0,G43+H43/10+VLOOKUP(D43,$B$7:$K$17,10,FALSE)) -> 0 | K43: =IF(B43="","",IF(J43>=LARGE($J$23:$J$622,15),"MẠNH",IF(J43>=LARGE($J$23:$J$622,40),"TRUNG BÌNH","YẾU"))) | L43: =IF(B43="",0,J43*1000000+VALUE(B43)) -> 0 | N43: 12 | O43: =IFERROR(INDEX($B$630:$B$3629,MATCH(LARGE($L$630:$L$3629,N43),$L$630:$L$3629,0)),"") -> 81 | P43: =IFERROR(INDEX($C$630:$C$3629,MATCH(LARGE($L$630:$L$3629,N43),$L$630:$L$3629,0)),"") -> 81 | Q43: =IFERROR(INDEX($D$630:$D$3629,MATCH(LARGE($L$630:$L$3629,N43),$L$630:$L$3629,0)),"") -> 4D-2 | R43: =IFERROR(INDEX($J$630:$J$3629,MATCH(LARGE($L$630:$L$3629,N43),$L$630:$L$3629,0)),"") -> 138.08 | S43: =IFERROR(INDEX($K$630:$K$3629,MATCH(LARGE($L$630:$L$3629,N43),$L$630:$L$3629,0)),"") -> MẠNH
A44: 22 | B44: =DIEM_3D!A23 | C44: =DIEM_3D!B23 | D44: =INDEX($B$7:$B$12,MOD(ROW()-23,6)+1) -> 3D-4 | E44: =DIEM_3D!C23 -> 0 | F44: =DIEM_3D!D23 -> 0 | G44: =DIEM_3D!E23 -> 0 | H44: =IF(B44="",0,VLOOKUP(D44,$B$7:$K$17,8,FALSE)) -> 0 | I44: =IF(B44="","",VLOOKUP(D44,$B$7:$K$17,9,FALSE)) | J44: =IF(B44="",0,G44+H44/10+VLOOKUP(D44,$B$7:$K$17,10,FALSE)) -> 0 | K44: =IF(B44="","",IF(J44>=LARGE($J$23:$J$622,15),"MẠNH",IF(J44>=LARGE($J$23:$J$622,40),"TRUNG BÌNH","YẾU"))) | L44: =IF(B44="",0,J44*1000000+VALUE(B44)) -> 0 | N44: 13 | O44: =IFERROR(INDEX($B$630:$B$3629,MATCH(LARGE($L$630:$L$3629,N44),$L$630:$L$3629,0)),"") -> 76 | P44: =IFERROR(INDEX($C$630:$C$3629,MATCH(LARGE($L$630:$L$3629,N44),$L$630:$L$3629,0)),"") -> 76 | Q44: =IFERROR(INDEX($D$630:$D$3629,MATCH(LARGE($L$630:$L$3629,N44),$L$630:$L$3629,0)),"") -> 4D-2 | R44: =IFERROR(INDEX($J$630:$J$3629,MATCH(LARGE($L$630:$L$3629,N44),$L$630:$L$3629,0)),"") -> 138.08 | S44: =IFERROR(INDEX($K$630:$K$3629,MATCH(LARGE($L$630:$L$3629,N44),$L$630:$L$3629,0)),"") -> MẠNH
A45: 23 | B45: =DIEM_3D!A24 | C45: =DIEM_3D!B24 | D45: =INDEX($B$7:$B$12,MOD(ROW()-23,6)+1) -> 3D-5 | E45: =DIEM_3D!C24 -> 0 | F45: =DIEM_3D!D24 -> 0 | G45: =DIEM_3D!E24 -> 0 | H45: =IF(B45="",0,VLOOKUP(D45,$B$7:$K$17,8,FALSE)) -> 0 | I45: =IF(B45="","",VLOOKUP(D45,$B$7:$K$17,9,FALSE)) | J45: =IF(B45="",0,G45+H45/10+VLOOKUP(D45,$B$7:$K$17,10,FALSE)) -> 0 | K45: =IF(B45="","",IF(J45>=LARGE($J$23:$J$622,15),"MẠNH",IF(J45>=LARGE($J$23:$J$622,40),"TRUNG BÌNH","YẾU"))) | L45: =IF(B45="",0,J45*1000000+VALUE(B45)) -> 0 | N45: 14 | O45: =IFERROR(INDEX($B$630:$B$3629,MATCH(LARGE($L$630:$L$3629,N45),$L$630:$L$3629,0)),"") -> 76 | P45: =IFERROR(INDEX($C$630:$C$3629,MATCH(LARGE($L$630:$L$3629,N45),$L$630:$L$3629,0)),"") -> 76 | Q45: =IFERROR(INDEX($D$630:$D$3629,MATCH(LARGE($L$630:$L$3629,N45),$L$630:$L$3629,0)),"") -> 4D-2 | R45: =IFERROR(INDEX($J$630:$J$3629,MATCH(LARGE($L$630:$L$3629,N45),$L$630:$L$3629,0)),"") -> 138.08 | S45: =IFERROR(INDEX($K$630:$K$3629,MATCH(LARGE($L$630:$L$3629,N45),$L$630:$L$3629,0)),"") -> MẠNH
A46: 24 | B46: =DIEM_3D!A25 | C46: =DIEM_3D!B25 | D46: =INDEX($B$7:$B$12,MOD(ROW()-23,6)+1) -> 3D-6 | E46: =DIEM_3D!C25 -> 0 | F46: =DIEM_3D!D25 -> 0 | G46: =DIEM_3D!E25 -> 0 | H46: =IF(B46="",0,VLOOKUP(D46,$B$7:$K$17,8,FALSE)) -> 0 | I46: =IF(B46="","",VLOOKUP(D46,$B$7:$K$17,9,FALSE)) | J46: =IF(B46="",0,G46+H46/10+VLOOKUP(D46,$B$7:$K$17,10,FALSE)) -> 0 | K46: =IF(B46="","",IF(J46>=LARGE($J$23:$J$622,15),"MẠNH",IF(J46>=LARGE($J$23:$J$622,40),"TRUNG BÌNH","YẾU"))) | L46: =IF(B46="",0,J46*1000000+VALUE(B46)) -> 0 | N46: 15 | O46: =IFERROR(INDEX($B$630:$B$3629,MATCH(LARGE($L$630:$L$3629,N46),$L$630:$L$3629,0)),"") -> 76 | P46: =IFERROR(INDEX($C$630:$C$3629,MATCH(LARGE($L$630:$L$3629,N46),$L$630:$L$3629,0)),"") -> 76 | Q46: =IFERROR(INDEX($D$630:$D$3629,MATCH(LARGE($L$630:$L$3629,N46),$L$630:$L$3629,0)),"") -> 4D-2 | R46: =IFERROR(INDEX($J$630:$J$3629,MATCH(LARGE($L$630:$L$3629,N46),$L$630:$L$3629,0)),"") -> 138.08 | S46: =IFERROR(INDEX($K$630:$K$3629,MATCH(LARGE($L$630:$L$3629,N46),$L$630:$L$3629,0)),"") -> MẠNH
A47: 25 | B47: =DIEM_3D!A26 | C47: =DIEM_3D!B26 | D47: =INDEX($B$7:$B$12,MOD(ROW()-23,6)+1) -> 3D-1 | E47: =DIEM_3D!C26 -> 0 | F47: =DIEM_3D!D26 -> 0 | G47: =DIEM_3D!E26 -> 0 | H47: =IF(B47="",0,VLOOKUP(D47,$B$7:$K$17,8,FALSE)) -> 0 | I47: =IF(B47="","",VLOOKUP(D47,$B$7:$K$17,9,FALSE)) | J47: =IF(B47="",0,G47+H47/10+VLOOKUP(D47,$B$7:$K$17,10,FALSE)) -> 0 | K47: =IF(B47="","",IF(J47>=LARGE($J$23:$J$622,15),"MẠNH",IF(J47>=LARGE($J$23:$J$622,40),"TRUNG BÌNH","YẾU"))) | L47: =IF(B47="",0,J47*1000000+VALUE(B47)) -> 0 | N47: 16 | O47: =IFERROR(INDEX($B$630:$B$3629,MATCH(LARGE($L$630:$L$3629,N47),$L$630:$L$3629,0)),"") -> 76 | P47: =IFERROR(INDEX($C$630:$C$3629,MATCH(LARGE($L$630:$L$3629,N47),$L$630:$L$3629,0)),"") -> 76 | Q47: =IFERROR(INDEX($D$630:$D$3629,MATCH(LARGE($L$630:$L$3629,N47),$L$630:$L$3629,0)),"") -> 4D-2 | R47: =IFERROR(INDEX($J$630:$J$3629,MATCH(LARGE($L$630:$L$3629,N47),$L$630:$L$3629,0)),"") -> 138.08 | S47: =IFERROR(INDEX($K$630:$K$3629,MATCH(LARGE($L$630:$L$3629,N47),$L$630:$L$3629,0)),"") -> MẠNH
A48: 26 | B48: =DIEM_3D!A27 | C48: =DIEM_3D!B27 | D48: =INDEX($B$7:$B$12,MOD(ROW()-23,6)+1) -> 3D-2 | E48: =DIEM_3D!C27 -> 0 | F48: =DIEM_3D!D27 -> 0 | G48: =DIEM_3D!E27 -> 0 | H48: =IF(B48="",0,VLOOKUP(D48,$B$7:$K$17,8,FALSE)) -> 0 | I48: =IF(B48="","",VLOOKUP(D48,$B$7:$K$17,9,FALSE)) | J48: =IF(B48="",0,G48+H48/10+VLOOKUP(D48,$B$7:$K$17,10,FALSE)) -> 0 | K48: =IF(B48="","",IF(J48>=LARGE($J$23:$J$622,15),"MẠNH",IF(J48>=LARGE($J$23:$J$622,40),"TRUNG BÌNH","YẾU"))) | L48: =IF(B48="",0,J48*1000000+VALUE(B48)) -> 0 | N48: 17 | O48: =IFERROR(INDEX($B$630:$B$3629,MATCH(LARGE($L$630:$L$3629,N48),$L$630:$L$3629,0)),"") -> 72 | P48: =IFERROR(INDEX($C$630:$C$3629,MATCH(LARGE($L$630:$L$3629,N48),$L$630:$L$3629,0)),"") -> 72 | Q48: =IFERROR(INDEX($D$630:$D$3629,MATCH(LARGE($L$630:$L$3629,N48),$L$630:$L$3629,0)),"") -> 4D-2 | R48: =IFERROR(INDEX($J$630:$J$3629,MATCH(LARGE($L$630:$L$3629,N48),$L$630:$L$3629,0)),"") -> 138.08 | S48: =IFERROR(INDEX($K$630:$K$3629,MATCH(LARGE($L$630:$L$3629,N48),$L$630:$L$3629,0)),"") -> MẠNH
... A51: 29 | B51: =DIEM_3D!A30 | C51: =DIEM_3D!B30 | D51: =INDEX($B$7:$B$12,MOD(ROW()-23,6)+1) -> 3D-5 | E51: =DIEM_3D!C30 -> 0 | F51: =DIEM_3D!D30 -> 0 | G51: =DIEM_3D!E30 -> 0 | H51: =IF(B51="",0,VLOOKUP(D51,$B$7:$K$17,8,FALSE)) -> 0 | I51: =IF(B51="","",VLOOKUP(D51,$B$7:$K$17,9,FALSE)) | J51: =IF(B51="",0,G51+H51/10+VLOOKUP(D51,$B$7:$K$17,10,FALSE)) -> 0 | K51: =IF(B51="","",IF(J51>=LARGE($J$23:$J$622,15),"MẠNH",IF(J51>=LARGE($J$23:$J$622,40),"TRUNG BÌNH","YẾU"))) | L51: =IF(B51="",0,J51*1000000+VALUE(B51)) -> 0 | N51: 20 | O51: =IFERROR(INDEX($B$630:$B$3629,MATCH(LARGE($L$630:$L$3629,N51),$L$630:$L$3629,0)),"") -> 72 | P51: =IFERROR(INDEX($C$630:$C$3629,MATCH(LARGE($L$630:$L$3629,N51),$L$630:$L$3629,0)),"") -> 72 | Q51: =IFERROR(INDEX($D$630:$D$3629,MATCH(LARGE($L$630:$L$3629,N51),$L$630:$L$3629,0)),"") -> 4D-2 | R51: =IFERROR(INDEX($J$630:$J$3629,MATCH(LARGE($L$630:$L$3629,N51),$L$630:$L$3629,0)),"") -> 138.08 | S51: =IFERROR(INDEX($K$630:$K$3629,MATCH(LARGE($L$630:$L$3629,N51),$L$630:$L$3629,0)),"") -> MẠNH
A52: 30 | B52: =DIEM_3D!A31 | C52: =DIEM_3D!B31 | D52: =INDEX($B$7:$B$12,MOD(ROW()-23,6)+1) -> 3D-6 | E52: =DIEM_3D!C31 -> 0 | F52: =DIEM_3D!D31 -> 0 | G52: =DIEM_3D!E31 -> 0 | H52: =IF(B52="",0,VLOOKUP(D52,$B$7:$K$17,8,FALSE)) -> 0 | I52: =IF(B52="","",VLOOKUP(D52,$B$7:$K$17,9,FALSE)) | J52: =IF(B52="",0,G52+H52/10+VLOOKUP(D52,$B$7:$K$17,10,FALSE)) -> 0 | K52: =IF(B52="","",IF(J52>=LARGE($J$23:$J$622,15),"MẠNH",IF(J52>=LARGE($J$23:$J$622,40),"TRUNG BÌNH","YẾU"))) | L52: =IF(B52="",0,J52*1000000+VALUE(B52)) -> 0
A53: 31 | B53: =DIEM_3D!A32 | C53: =DIEM_3D!B32 | D53: =INDEX($B$7:$B$12,MOD(ROW()-23,6)+1) -> 3D-1 | E53: =DIEM_3D!C32 -> 0 | F53: =DIEM_3D!D32 -> 0 | G53: =DIEM_3D!E32 -> 0 | H53: =IF(B53="",0,VLOOKUP(D53,$B$7:$K$17,8,FALSE)) -> 0 | I53: =IF(B53="","",VLOOKUP(D53,$B$7:$K$17,9,FALSE)) | J53: =IF(B53="",0,G53+H53/10+VLOOKUP(D53,$B$7:$K$17,10,FALSE)) -> 0 | K53: =IF(B53="","",IF(J53>=LARGE($J$23:$J$622,15),"MẠNH",IF(J53>=LARGE($J$23:$J$622,40),"TRUNG BÌNH","YẾU"))) | L53: =IF(B53="",0,J53*1000000+VALUE(B53)) -> 0
A54: 32 | B54: =DIEM_3D!A33 | C54: =DIEM_3D!B33 | D54: =INDEX($B$7:$B$12,MOD(ROW()-23,6)+1) -> 3D-2 | E54: =DIEM_3D!C33 -> 0 | F54: =DIEM_3D!D33 -> 0 | G54: =DIEM_3D!E33 -> 0 | H54: =IF(B54="",0,VLOOKUP(D54,$B$7:$K$17,8,FALSE)) -> 0 | I54: =IF(B54="","",VLOOKUP(D54,$B$7:$K$17,9,FALSE)) | J54: =IF(B54="",0,G54+H54/10+VLOOKUP(D54,$B$7:$K$17,10,FALSE)) -> 0 | K54: =IF(B54="","",IF(J54>=LARGE($J$23:$J$622,15),"MẠNH",IF(J54>=LARGE($J$23:$J$622,40),"TRUNG BÌNH","YẾU"))) | L54: =IF(B54="",0,J54*1000000+VALUE(B54)) -> 0
A55: 33 | B55: =DIEM_3D!A34 | C55: =DIEM_3D!B34 | D55: =INDEX($B$7:$B$12,MOD(ROW()-23,6)+1) -> 3D-3 | E55: =DIEM_3D!C34 -> 0 | F55: =DIEM_3D!D34 -> 0 | G55: =DIEM_3D!E34 -> 0 | H55: =IF(B55="",0,VLOOKUP(D55,$B$7:$K$17,8,FALSE)) -> 0 | I55: =IF(B55="","",VLOOKUP(D55,$B$7:$K$17,9,FALSE)) | J55: =IF(B55="",0,G55+H55/10+VLOOKUP(D55,$B$7:$K$17,10,FALSE)) -> 0 | K55: =IF(B55="","",IF(J55>=LARGE($J$23:$J$622,15),"MẠNH",IF(J55>=LARGE($J$23:$J$622,40),"TRUNG BÌNH","YẾU"))) | L55: =IF(B55="",0,J55*1000000+VALUE(B55)) -> 0
A56: 34 | B56: =DIEM_3D!A35 | C56: =DIEM_3D!B35 | D56: =INDEX($B$7:$B$12,MOD(ROW()-23,6)+1) -> 3D-4 | E56: =DIEM_3D!C35 -> 0 | F56: =DIEM_3D!D35 -> 0 | G56: =DIEM_3D!E35 -> 0 | H56: =IF(B56="",0,VLOOKUP(D56,$B$7:$K$17,8,FALSE)) -> 0 | I56: =IF(B56="","",VLOOKUP(D56,$B$7:$K$17,9,FALSE)) | J56: =IF(B56="",0,G56+H56/10+VLOOKUP(D56,$B$7:$K$17,10,FALSE)) -> 0 | K56: =IF(B56="","",IF(J56>=LARGE($J$23:$J$622,15),"MẠNH",IF(J56>=LARGE($J$23:$J$622,40),"TRUNG BÌNH","YẾU"))) | L56: =IF(B56="",0,J56*1000000+VALUE(B56)) -> 0
A57: 35 | B57: =DIEM_3D!A36 | C57: =DIEM_3D!B36 | D57: =INDEX($B$7:$B$12,MOD(ROW()-23,6)+1) -> 3D-5 | E57: =DIEM_3D!C36 -> 0 | F57: =DIEM_3D!D36 -> 0 | G57: =DIEM_3D!E36 -> 0 | H57: =IF(B57="",0,VLOOKUP(D57,$B$7:$K$17,8,FALSE)) -> 0 | I57: =IF(B57="","",VLOOKUP(D57,$B$7:$K$17,9,FALSE)) | J57: =IF(B57="",0,G57+H57/10+VLOOKUP(D57,$B$7:$K$17,10,FALSE)) -> 0 | K57: =IF(B57="","",IF(J57>=LARGE($J$23:$J$622,15),"MẠNH",IF(J57>=LARGE($J$23:$J$622,40),"TRUNG BÌNH","YẾU"))) | L57: =IF(B57="",0,J57*1000000+VALUE(B57)) -> 0
A58: 36 | B58: =DIEM_3D!A37 | C58: =DIEM_3D!B37 | D58: =INDEX($B$7:$B$12,MOD(ROW()-23,6)+1) -> 3D-6 | E58: =DIEM_3D!C37 -> 0 | F58: =DIEM_3D!D37 -> 0 | G58: =DIEM_3D!E37 -> 0 | H58: =IF(B58="",0,VLOOKUP(D58,$B$7:$K$17,8,FALSE)) -> 0 | I58: =IF(B58="","",VLOOKUP(D58,$B$7:$K$17,9,FALSE)) | J58: =IF(B58="",0,G58+H58/10+VLOOKUP(D58,$B$7:$K$17,10,FALSE)) -> 0 | K58: =IF(B58="","",IF(J58>=LARGE($J$23:$J$622,15),"MẠNH",IF(J58>=LARGE($J$23:$J$622,40),"TRUNG BÌNH","YẾU"))) | L58: =IF(B58="",0,J58*1000000+VALUE(B58)) -> 0
A59: 37 | B59: =DIEM_3D!A38 | C59: =DIEM_3D!B38 | D59: =INDEX($B$7:$B$12,MOD(ROW()-23,6)+1) -> 3D-1 | E59: =DIEM_3D!C38 -> 0 | F59: =DIEM_3D!D38 -> 0 | G59: =DIEM_3D!E38 -> 0 | H59: =IF(B59="",0,VLOOKUP(D59,$B$7:$K$17,8,FALSE)) -> 0 | I59: =IF(B59="","",VLOOKUP(D59,$B$7:$K$17,9,FALSE)) | J59: =IF(B59="",0,G59+H59/10+VLOOKUP(D59,$B$7:$K$17,10,FALSE)) -> 0 | K59: =IF(B59="","",IF(J59>=LARGE($J$23:$J$622,15),"MẠNH",IF(J59>=LARGE($J$23:$J$622,40),"TRUNG BÌNH","YẾU"))) | L59: =IF(B59="",0,J59*1000000+VALUE(B59)) -> 0
A60: 38 | B60: =DIEM_3D!A39 | C60: =DIEM_3D!B39 | D60: =INDEX($B$7:$B$12,MOD(ROW()-23,6)+1) -> 3D-2 | E60: =DIEM_3D!C39 -> 0 | F60: =DIEM_3D!D39 -> 0 | G60: =DIEM_3D!E39 -> 0 | H60: =IF(B60="",0,VLOOKUP(D60,$B$7:$K$17,8,FALSE)) -> 0 | I60: =IF(B60="","",VLOOKUP(D60,$B$7:$K$17,9,FALSE)) | J60: =IF(B60="",0,G60+H60/10+VLOOKUP(D60,$B$7:$K$17,10,FALSE)) -> 0 | K60: =IF(B60="","",IF(J60>=LARGE($J$23:$J$622,15),"MẠNH",IF(J60>=LARGE($J$23:$J$622,40),"TRUNG BÌNH","YẾU"))) | L60: =IF(B60="",0,J60*1000000+VALUE(B60)) -> 0
A61: 39 | B61: =DIEM_3D!A40 | C61: =DIEM_3D!B40 | D61: =INDEX($B$7:$B$12,MOD(ROW()-23,6)+1) -> 3D-3 | E61: =DIEM_3D!C40 -> 0 | F61: =DIEM_3D!D40 -> 0 | G61: =DIEM_3D!E40 -> 0 | H61: =IF(B61="",0,VLOOKUP(D61,$B$7:$K$17,8,FALSE)) -> 0 | I61: =IF(B61="","",VLOOKUP(D61,$B$7:$K$17,9,FALSE)) | J61: =IF(B61="",0,G61+H61/10+VLOOKUP(D61,$B$7:$K$17,10,FALSE)) -> 0 | K61: =IF(B61="","",IF(J61>=LARGE($J$23:$J$622,15),"MẠNH",IF(J61>=LARGE($J$23:$J$622,40),"TRUNG BÌNH","YẾU"))) | L61: =IF(B61="",0,J61*1000000+VALUE(B61)) -> 0
A62: 40 | B62: =DIEM_3D!A41 | C62: =DIEM_3D!B41 | D62: =INDEX($B$7:$B$12,MOD(ROW()-23,6)+1) -> 3D-4 | E62: =DIEM_3D!C41 -> 0 | F62: =DIEM_3D!D41 -> 0 | G62: =DIEM_3D!E41 -> 0 | H62: =IF(B62="",0,VLOOKUP(D62,$B$7:$K$17,8,FALSE)) -> 0 | I62: =IF(B62="","",VLOOKUP(D62,$B$7:$K$17,9,FALSE)) | J62: =IF(B62="",0,G62+H62/10+VLOOKUP(D62,$B$7:$K$17,10,FALSE)) -> 0 | K62: =IF(B62="","",IF(J62>=LARGE($J$23:$J$622,15),"MẠNH",IF(J62>=LARGE($J$23:$J$622,40),"TRUNG BÌNH","YẾU"))) | L62: =IF(B62="",0,J62*1000000+VALUE(B62)) -> 0
A63: 41 | B63: =DIEM_3D!A42 | C63: =DIEM_3D!B42 | D63: =INDEX($B$7:$B$12,MOD(ROW()-23,6)+1) -> 3D-5 | E63: =DIEM_3D!C42 -> 0 | F63: =DIEM_3D!D42 -> 0 | G63: =DIEM_3D!E42 -> 0 | H63: =IF(B63="",0,VLOOKUP(D63,$B$7:$K$17,8,FALSE)) -> 0 | I63: =IF(B63="","",VLOOKUP(D63,$B$7:$K$17,9,FALSE)) | J63: =IF(B63="",0,G63+H63/10+VLOOKUP(D63,$B$7:$K$17,10,FALSE)) -> 0 | K63: =IF(B63="","",IF(J63>=LARGE($J$23:$J$622,15),"MẠNH",IF(J63>=LARGE($J$23:$J$622,40),"TRUNG BÌNH","YẾU"))) | L63: =IF(B63="",0,J63*1000000+VALUE(B63)) -> 0
... A622: 600 | B622: =DIEM_3D!A601 -> 99 | C622: =DIEM_3D!B601 -> 99 | D622: =INDEX($B$7:$B$12,MOD(ROW()-23,6)+1) -> 3D-6 | E622: =DIEM_3D!C601 -> 1 | F622: =DIEM_3D!D601 -> 4 | G622: =DIEM_3D!E601 -> 5 | H622: =IF(B622="",0,VLOOKUP(D622,$B$7:$K$17,8,FALSE)) -> 81.1 | I622: =IF(B622="","",VLOOKUP(D622,$B$7:$K$17,9,FALSE)) -> TRUNG BÌNH | J622: =IF(B622="",0,G622+H622/10+VLOOKUP(D622,$B$7:$K$17,10,FALSE)) -> 14.11 | K622: =IF(B622="","",IF(J622>=LARGE($J$23:$J$622,15),"MẠNH",IF(J622>=LARGE($J$23:$J$622,40),"TRUNG BÌNH","YẾU"))) -> YẾU | L622: =IF(B622="",0,J622*1000000+VALUE(B622)) -> 14110099
A628: DÀN 4D ĐÃ CỘNG ĐIỂM MẠNH/YẾU VỊ TRÍ
A629: STT | B629: 4D | C629: 2D gốc | D629: Mã vị trí | E629: Điểm 2D | F629: Số trùng | G629: Điểm gốc 4D | H629: Điểm vị trí | I629: Xếp hạng vị trí | J629: Điểm sau cộng | K629: Nhóm dàn | L629: Key xếp hạng
A630: 1 | B630: =DIEM_4D!A2 | C630: =DIEM_4D!B2 | D630: =INDEX($B$13:$B$17,MOD(ROW()-630,5)+1) -> 4D-1 | E630: =DIEM_4D!C2 -> 0 | F630: =DIEM_4D!D2 -> 0 | G630: =DIEM_4D!E2 -> 0 | H630: =IF(B630="",0,VLOOKUP(D630,$B$7:$K$17,8,FALSE)) -> 0 | I630: =IF(B630="","",VLOOKUP(D630,$B$7:$K$17,9,FALSE)) | J630: =IF(B630="",0,G630+H630/10+VLOOKUP(D630,$B$7:$K$17,10,FALSE)) -> 0 | K630: =IF(B630="","",IF(J630>=LARGE($J$630:$J$3629,30),"MẠNH",IF(J630>=LARGE($J$630:$J$3629,100),"TRUNG BÌNH","YẾU"))) | L630: =IF(B630="",0,J630*1000000+VALUE(B630)) -> 0
A631: 2 | B631: =DIEM_4D!A3 | C631: =DIEM_4D!B3 | D631: =INDEX($B$13:$B$17,MOD(ROW()-630,5)+1) -> 4D-2 | E631: =DIEM_4D!C3 -> 0 | F631: =DIEM_4D!D3 -> 0 | G631: =DIEM_4D!E3 -> 0 | H631: =IF(B631="",0,VLOOKUP(D631,$B$7:$K$17,8,FALSE)) -> 0 | I631: =IF(B631="","",VLOOKUP(D631,$B$7:$K$17,9,FALSE)) | J631: =IF(B631="",0,G631+H631/10+VLOOKUP(D631,$B$7:$K$17,10,FALSE)) -> 0 | K631: =IF(B631="","",IF(J631>=LARGE($J$630:$J$3629,30),"MẠNH",IF(J631>=LARGE($J$630:$J$3629,100),"TRUNG BÌNH","YẾU"))) | L631: =IF(B631="",0,J631*1000000+VALUE(B631)) -> 0
A632: 3 | B632: =DIEM_4D!A4 | C632: =DIEM_4D!B4 | D632: =INDEX($B$13:$B$17,MOD(ROW()-630,5)+1) -> 4D-3 | E632: =DIEM_4D!C4 -> 0 | F632: =DIEM_4D!D4 -> 0 | G632: =DIEM_4D!E4 -> 0 | H632: =IF(B632="",0,VLOOKUP(D632,$B$7:$K$17,8,FALSE)) -> 0 | I632: =IF(B632="","",VLOOKUP(D632,$B$7:$K$17,9,FALSE)) | J632: =IF(B632="",0,G632+H632/10+VLOOKUP(D632,$B$7:$K$17,10,FALSE)) -> 0 | K632: =IF(B632="","",IF(J632>=LARGE($J$630:$J$3629,30),"MẠNH",IF(J632>=LARGE($J$630:$J$3629,100),"TRUNG BÌNH","YẾU"))) | L632: =IF(B632="",0,J632*1000000+VALUE(B632)) -> 0
A633: 4 | B633: =DIEM_4D!A5 | C633: =DIEM_4D!B5 | D633: =INDEX($B$13:$B$17,MOD(ROW()-630,5)+1) -> 4D-4 | E633: =DIEM_4D!C5 -> 0 | F633: =DIEM_4D!D5 -> 0 | G633: =DIEM_4D!E5 -> 0 | H633: =IF(B633="",0,VLOOKUP(D633,$B$7:$K$17,8,FALSE)) -> 0 | I633: =IF(B633="","",VLOOKUP(D633,$B$7:$K$17,9,FALSE)) | J633: =IF(B633="",0,G633+H633/10+VLOOKUP(D633,$B$7:$K$17,10,FALSE)) -> 0 | K633: =IF(B633="","",IF(J633>=LARGE($J$630:$J$3629,30),"MẠNH",IF(J633>=LARGE($J$630:$J$3629,100),"TRUNG BÌNH","YẾU"))) | L633: =IF(B633="",0,J633*1000000+VALUE(B633)) -> 0
A634: 5 | B634: =DIEM_4D!A6 | C634: =DIEM_4D!B6 | D634: =INDEX($B$13:$B$17,MOD(ROW()-630,5)+1) -> 4D-5 | E634: =DIEM_4D!C6 -> 0 | F634: =DIEM_4D!D6 -> 0 | G634: =DIEM_4D!E6 -> 0 | H634: =IF(B634="",0,VLOOKUP(D634,$B$7:$K$17,8,FALSE)) -> 0 | I634: =IF(B634="","",VLOOKUP(D634,$B$7:$K$17,9,FALSE)) | J634: =IF(B634="",0,G634+H634/10+VLOOKUP(D634,$B$7:$K$17,10,FALSE)) -> 0 | K634: =IF(B634="","",IF(J634>=LARGE($J$630:$J$3629,30),"MẠNH",IF(J634>=LARGE($J$630:$J$3629,100),"TRUNG BÌNH","YẾU"))) | L634: =IF(B634="",0,J634*1000000+VALUE(B634)) -> 0
A635: 6 | B635: =DIEM_4D!A7 | C635: =DIEM_4D!B7 | D635: =INDEX($B$13:$B$17,MOD(ROW()-630,5)+1) -> 4D-1 | E635: =DIEM_4D!C7 -> 0 | F635: =DIEM_4D!D7 -> 0 | G635: =DIEM_4D!E7 -> 0 | H635: =IF(B635="",0,VLOOKUP(D635,$B$7:$K$17,8,FALSE)) -> 0 | I635: =IF(B635="","",VLOOKUP(D635,$B$7:$K$17,9,FALSE)) | J635: =IF(B635="",0,G635+H635/10+VLOOKUP(D635,$B$7:$K$17,10,FALSE)) -> 0 | K635: =IF(B635="","",IF(J635>=LARGE($J$630:$J$3629,30),"MẠNH",IF(J635>=LARGE($J$630:$J$3629,100),"TRUNG BÌNH","YẾU"))) | L635: =IF(B635="",0,J635*1000000+VALUE(B635)) -> 0
A636: 7 | B636: =DIEM_4D!A8 | C636: =DIEM_4D!B8 | D636: =INDEX($B$13:$B$17,MOD(ROW()-630,5)+1) -> 4D-2 | E636: =DIEM_4D!C8 -> 0 | F636: =DIEM_4D!D8 -> 0 | G636: =DIEM_4D!E8 -> 0 | H636: =IF(B636="",0,VLOOKUP(D636,$B$7:$K$17,8,FALSE)) -> 0 | I636: =IF(B636="","",VLOOKUP(D636,$B$7:$K$17,9,FALSE)) | J636: =IF(B636="",0,G636+H636/10+VLOOKUP(D636,$B$7:$K$17,10,FALSE)) -> 0 | K636: =IF(B636="","",IF(J636>=LARGE($J$630:$J$3629,30),"MẠNH",IF(J636>=LARGE($J$630:$J$3629,100),"TRUNG BÌNH","YẾU"))) | L636: =IF(B636="",0,J636*1000000+VALUE(B636)) -> 0
A637: 8 | B637: =DIEM_4D!A9 | C637: =DIEM_4D!B9 | D637: =INDEX($B$13:$B$17,MOD(ROW()-630,5)+1) -> 4D-3 | E637: =DIEM_4D!C9 -> 0 | F637: =DIEM_4D!D9 -> 0 | G637: =DIEM_4D!E9 -> 0 | H637: =IF(B637="",0,VLOOKUP(D637,$B$7:$K$17,8,FALSE)) -> 0 | I637: =IF(B637="","",VLOOKUP(D637,$B$7:$K$17,9,FALSE)) | J637: =IF(B637="",0,G637+H637/10+VLOOKUP(D637,$B$7:$K$17,10,FALSE)) -> 0 | K637: =IF(B637="","",IF(J637>=LARGE($J$630:$J$3629,30),"MẠNH",IF(J637>=LARGE($J$630:$J$3629,100),"TRUNG BÌNH","YẾU"))) | L637: =IF(B637="",0,J637*1000000+VALUE(B637)) -> 0
A638: 9 | B638: =DIEM_4D!A10 | C638: =DIEM_4D!B10 | D638: =INDEX($B$13:$B$17,MOD(ROW()-630,5)+1) -> 4D-4 | E638: =DIEM_4D!C10 -> 0 | F638: =DIEM_4D!D10 -> 0 | G638: =DIEM_4D!E10 -> 0 | H638: =IF(B638="",0,VLOOKUP(D638,$B$7:$K$17,8,FALSE)) -> 0 | I638: =IF(B638="","",VLOOKUP(D638,$B$7:$K$17,9,FALSE)) | J638: =IF(B638="",0,G638+H638/10+VLOOKUP(D638,$B$7:$K$17,10,FALSE)) -> 0 | K638: =IF(B638="","",IF(J638>=LARGE($J$630:$J$3629,30),"MẠNH",IF(J638>=LARGE($J$630:$J$3629,100),"TRUNG BÌNH","YẾU"))) | L638: =IF(B638="",0,J638*1000000+VALUE(B638)) -> 0
A639: 10 | B639: =DIEM_4D!A11 | C639: =DIEM_4D!B11 | D639: =INDEX($B$13:$B$17,MOD(ROW()-630,5)+1) -> 4D-5 | E639: =DIEM_4D!C11 -> 0 | F639: =DIEM_4D!D11 -> 0 | G639: =DIEM_4D!E11 -> 0 | H639: =IF(B639="",0,VLOOKUP(D639,$B$7:$K$17,8,FALSE)) -> 0 | I639: =IF(B639="","",VLOOKUP(D639,$B$7:$K$17,9,FALSE)) | J639: =IF(B639="",0,G639+H639/10+VLOOKUP(D639,$B$7:$K$17,10,FALSE)) -> 0 | K639: =IF(B639="","",IF(J639>=LARGE($J$630:$J$3629,30),"MẠNH",IF(J639>=LARGE($J$630:$J$3629,100),"TRUNG BÌNH","YẾU"))) | L639: =IF(B639="",0,J639*1000000+VALUE(B639)) -> 0
A640: 11 | B640: =DIEM_4D!A12 | C640: =DIEM_4D!B12 | D640: =INDEX($B$13:$B$17,MOD(ROW()-630,5)+1) -> 4D-1 | E640: =DIEM_4D!C12 -> 0 | F640: =DIEM_4D!D12 -> 0 | G640: =DIEM_4D!E12 -> 0 | H640: =IF(B640="",0,VLOOKUP(D640,$B$7:$K$17,8,FALSE)) -> 0 | I640: =IF(B640="","",VLOOKUP(D640,$B$7:$K$17,9,FALSE)) | J640: =IF(B640="",0,G640+H640/10+VLOOKUP(D640,$B$7:$K$17,10,FALSE)) -> 0 | K640: =IF(B640="","",IF(J640>=LARGE($J$630:$J$3629,30),"MẠNH",IF(J640>=LARGE($J$630:$J$3629,100),"TRUNG BÌNH","YẾU"))) | L640: =IF(B640="",0,J640*1000000+VALUE(B640)) -> 0
A641: 12 | B641: =DIEM_4D!A13 | C641: =DIEM_4D!B13 | D641: =INDEX($B$13:$B$17,MOD(ROW()-630,5)+1) -> 4D-2 | E641: =DIEM_4D!C13 -> 0 | F641: =DIEM_4D!D13 -> 0 | G641: =DIEM_4D!E13 -> 0 | H641: =IF(B641="",0,VLOOKUP(D641,$B$7:$K$17,8,FALSE)) -> 0 | I641: =IF(B641="","",VLOOKUP(D641,$B$7:$K$17,9,FALSE)) | J641: =IF(B641="",0,G641+H641/10+VLOOKUP(D641,$B$7:$K$17,10,FALSE)) -> 0 | K641: =IF(B641="","",IF(J641>=LARGE($J$630:$J$3629,30),"MẠNH",IF(J641>=LARGE($J$630:$J$3629,100),"TRUNG BÌNH","YẾU"))) | L641: =IF(B641="",0,J641*1000000+VALUE(B641)) -> 0
... A3629: 3000 | B3629: =DIEM_4D!A3001 -> 99 | C3629: =DIEM_4D!B3001 -> 99 | D3629: =INDEX($B$13:$B$17,MOD(ROW()-630,5)+1) -> 4D-5 | E3629: =DIEM_4D!C3001 -> 1 | F3629: =DIEM_4D!D3001 -> 16 | G3629: =DIEM_4D!E3001 -> 17 | H3629: =IF(B3629="",0,VLOOKUP(D3629,$B$7:$K$17,8,FALSE)) -> 1163.7 | I3629: =IF(B3629="","",VLOOKUP(D3629,$B$7:$K$17,9,FALSE)) -> MẠNH | J3629: =IF(B3629="",0,G3629+H3629/10+VLOOKUP(D3629,$B$7:$K$17,10,FALSE)) -> 135.37 | K3629: =IF(B3629="","",IF(J3629>=LARGE($J$630:$J$3629,30),"MẠNH",IF(J3629>=LARGE($J$630:$J$3629,100),"TRUNG BÌNH","YẾU"))) -> YẾU | L3629: =IF(B3629="",0,J3629*1000000+VALUE(B3629)) -> 135370099

Sheet DIEM_2D
A1: 2D | B1: Nhóm 1 | C1: Nhóm 2 | D1: Trùng 2 nhóm | E1: Chạm chính | F1: Điểm 2D | G1: Dàn nguồn | H1: Key xếp hạng | I1: Độ đồng thuận | J1: Điểm phạt | K1: Điểm sau phạt | L1: Top chính | M1: Số Lộn Tương Ứng | N1: Thuộc Cặp Lộn Trong Dàn | O1: Tần Suất 60 Ngày | P1: Tổng Nhịp Cặp Lộn | Q1: Top phụ | R1: Điểm Xếp Hạng 1 | S1: Điểm Xếp Hạng 2
A2: =LOC_COPY!B20 -> 00 | B2: =--LOC_COPY!D20 -> 0 | C2: =--LOC_COPY!E20 -> 0 | D2: =--AND(LOC_COPY!D20,LOC_COPY!E20) -> 0 | E2: =--LOC_COPY!G20 -> 0 | F2: =LOC_COPY!H20 -> 0 | G2: =LOC_COPY!I20 | H2: =IF(G2="",0,F2*1000+(200-ROW())) -> 0 | I2: =B2+C2+D2+E2 -> 0 | J2: =IF(I2<2,-2,0)+IF(F2<2,-1,0)+IF(G2="",-1,0) -> -4 | K2: =F2+I2+J2 -> -4 | L2: =IF(AND(I2>=3,RANK(K2,$K$2:$K$101)<=8),"CHÍNH","") | M2: =RIGHT(A2,1)&LEFT(A2,1) -> 00 | N2: =IF(AND(Q2="PHỤ",ISNUMBER(MATCH(RIGHT(A2,1)&LEFT(A2,1),$A$2:$A$101,0))),"CÓ CẶP LỘN","ĐƠN LẺ") -> ĐƠN LẺ | O2: =COUNTIF(DATA_NHAP!$F$860:$F$919,A2) -> 1 | P2: =IF(N2="CÓ CẶP LỘN",O2+INDEX($O$2:$O$101,MATCH(M2,$A$2:$A$101,0)),O2) -> 1 | Q2: =IF(AND(L2="",I2>=2,RANK(K2,$K$2:$K$101)<=15),"PHỤ","") | R2: =IF(Q2="PHỤ",P2*100+O2+(200-ROW())/1000,0) -> 0 | S2: =IF(AND(Q2="PHỤ",A2<>TOP_BAT_NHIP!$Z$32,A2<>TOP_BAT_NHIP!$AA$32),P2*100+O2+(200-ROW())/1000,0) -> 0
A3: =LOC_COPY!B21 -> 01 | B3: =--LOC_COPY!D21 -> 0 | C3: =--LOC_COPY!E21 -> 0 | D3: =--AND(LOC_COPY!D21,LOC_COPY!E21) -> 0 | E3: =--LOC_COPY!G21 -> 1 | F3: =LOC_COPY!H21 -> 1 | G3: =LOC_COPY!I21 | H3: =IF(G3="",0,F3*1000+(200-ROW())) -> 0 | I3: =B3+C3+D3+E3 -> 1 | J3: =IF(I3<2,-2,0)+IF(F3<2,-1,0)+IF(G3="",-1,0) -> -4 | K3: =F3+I3+J3 -> -2 | L3: =IF(AND(I3>=3,RANK(K3,$K$2:$K$101)<=8),"CHÍNH","") | M3: =RIGHT(A3,1)&LEFT(A3,1) -> 10 | N3: =IF(AND(Q3="PHỤ",ISNUMBER(MATCH(RIGHT(A3,1)&LEFT(A3,1),$A$2:$A$101,0))),"CÓ CẶP LỘN","ĐƠN LẺ") -> ĐƠN LẺ | O3: =COUNTIF(DATA_NHAP!$F$860:$F$919,A3) -> 0 | P3: =IF(N3="CÓ CẶP LỘN",O3+INDEX($O$2:$O$101,MATCH(M3,$A$2:$A$101,0)),O3) -> 0 | Q3: =IF(AND(L3="",I3>=2,RANK(K3,$K$2:$K$101)<=15),"PHỤ","") | R3: =IF(Q3="PHỤ",P3*100+O3+(200-ROW())/1000,0) -> 0 | S3: =IF(AND(Q3="PHỤ",A3<>TOP_BAT_NHIP!$Z$32,A3<>TOP_BAT_NHIP!$AA$32),P3*100+O3+(200-ROW())/1000,0) -> 0
A4: =LOC_COPY!B22 -> 02 | B4: =--LOC_COPY!D22 -> 0 | C4: =--LOC_COPY!E22 -> 0 | D4: =--AND(LOC_COPY!D22,LOC_COPY!E22) -> 0 | E4: =--LOC_COPY!G22 -> 1 | F4: =LOC_COPY!H22 -> 1 | G4: =LOC_COPY!I22 | H4: =IF(G4="",0,F4*1000+(200-ROW())) -> 0 | I4: =B4+C4+D4+E4 -> 1 | J4: =IF(I4<2,-2,0)+IF(F4<2,-1,0)+IF(G4="",-1,0) -> -4 | K4: =F4+I4+J4 -> -2 | L4: =IF(AND(I4>=3,RANK(K4,$K$2:$K$101)<=8),"CHÍNH","") | M4: =RIGHT(A4,1)&LEFT(A4,1) -> 20 | N4: =IF(AND(Q4="PHỤ",ISNUMBER(MATCH(RIGHT(A4,1)&LEFT(A4,1),$A$2:$A$101,0))),"CÓ CẶP LỘN","ĐƠN LẺ") -> ĐƠN LẺ | O4: =COUNTIF(DATA_NHAP!$F$860:$F$919,A4) -> 0 | P4: =IF(N4="CÓ CẶP LỘN",O4+INDEX($O$2:$O$101,MATCH(M4,$A$2:$A$101,0)),O4) -> 0 | Q4: =IF(AND(L4="",I4>=2,RANK(K4,$K$2:$K$101)<=15),"PHỤ","") | R4: =IF(Q4="PHỤ",P4*100+O4+(200-ROW())/1000,0) -> 0 | S4: =IF(AND(Q4="PHỤ",A4<>TOP_BAT_NHIP!$Z$32,A4<>TOP_BAT_NHIP!$AA$32),P4*100+O4+(200-ROW())/1000,0) -> 0
A5: =LOC_COPY!B23 -> 03 | B5: =--LOC_COPY!D23 -> 0 | C5: =--LOC_COPY!E23 -> 0 | D5: =--AND(LOC_COPY!D23,LOC_COPY!E23) -> 0 | E5: =--LOC_COPY!G23 -> 1 | F5: =LOC_COPY!H23 -> 1 | G5: =LOC_COPY!I23 | H5: =IF(G5="",0,F5*1000+(200-ROW())) -> 0 | I5: =B5+C5+D5+E5 -> 1 | J5: =IF(I5<2,-2,0)+IF(F5<2,-1,0)+IF(G5="",-1,0) -> -4 | K5: =F5+I5+J5 -> -2 | L5: =IF(AND(I5>=3,RANK(K5,$K$2:$K$101)<=8),"CHÍNH","") | M5: =RIGHT(A5,1)&LEFT(A5,1) -> 30 | N5: =IF(AND(Q5="PHỤ",ISNUMBER(MATCH(RIGHT(A5,1)&LEFT(A5,1),$A$2:$A$101,0))),"CÓ CẶP LỘN","ĐƠN LẺ") -> ĐƠN LẺ | O5: =COUNTIF(DATA_NHAP!$F$860:$F$919,A5) -> 1 | P5: =IF(N5="CÓ CẶP LỘN",O5+INDEX($O$2:$O$101,MATCH(M5,$A$2:$A$101,0)),O5) -> 1 | Q5: =IF(AND(L5="",I5>=2,RANK(K5,$K$2:$K$101)<=15),"PHỤ","") | R5: =IF(Q5="PHỤ",P5*100+O5+(200-ROW())/1000,0) -> 0 | S5: =IF(AND(Q5="PHỤ",A5<>TOP_BAT_NHIP!$Z$32,A5<>TOP_BAT_NHIP!$AA$32),P5*100+O5+(200-ROW())/1000,0) -> 0
A6: =LOC_COPY!B24 -> 04 | B6: =--LOC_COPY!D24 -> 0 | C6: =--LOC_COPY!E24 -> 0 | D6: =--AND(LOC_COPY!D24,LOC_COPY!E24) -> 0 | E6: =--LOC_COPY!G24 -> 0 | F6: =LOC_COPY!H24 -> 0 | G6: =LOC_COPY!I24 | H6: =IF(G6="",0,F6*1000+(200-ROW())) -> 0 | I6: =B6+C6+D6+E6 -> 0 | J6: =IF(I6<2,-2,0)+IF(F6<2,-1,0)+IF(G6="",-1,0) -> -4 | K6: =F6+I6+J6 -> -4 | L6: =IF(AND(I6>=3,RANK(K6,$K$2:$K$101)<=8),"CHÍNH","") | M6: =RIGHT(A6,1)&LEFT(A6,1) -> 40 | N6: =IF(AND(Q6="PHỤ",ISNUMBER(MATCH(RIGHT(A6,1)&LEFT(A6,1),$A$2:$A$101,0))),"CÓ CẶP LỘN","ĐƠN LẺ") -> ĐƠN LẺ | O6: =COUNTIF(DATA_NHAP!$F$860:$F$919,A6) -> 3 | P6: =IF(N6="CÓ CẶP LỘN",O6+INDEX($O$2:$O$101,MATCH(M6,$A$2:$A$101,0)),O6) -> 3 | Q6: =IF(AND(L6="",I6>=2,RANK(K6,$K$2:$K$101)<=15),"PHỤ","") | R6: =IF(Q6="PHỤ",P6*100+O6+(200-ROW())/1000,0) -> 0 | S6: =IF(AND(Q6="PHỤ",A6<>TOP_BAT_NHIP!$Z$32,A6<>TOP_BAT_NHIP!$AA$32),P6*100+O6+(200-ROW())/1000,0) -> 0
A7: =LOC_COPY!B25 -> 05 | B7: =--LOC_COPY!D25 -> 0 | C7: =--LOC_COPY!E25 -> 0 | D7: =--AND(LOC_COPY!D25,LOC_COPY!E25) -> 0 | E7: =--LOC_COPY!G25 -> 0 | F7: =LOC_COPY!H25 -> 0 | G7: =LOC_COPY!I25 | H7: =IF(G7="",0,F7*1000+(200-ROW())) -> 0 | I7: =B7+C7+D7+E7 -> 0 | J7: =IF(I7<2,-2,0)+IF(F7<2,-1,0)+IF(G7="",-1,0) -> -4 | K7: =F7+I7+J7 -> -4 | L7: =IF(AND(I7>=3,RANK(K7,$K$2:$K$101)<=8),"CHÍNH","") | M7: =RIGHT(A7,1)&LEFT(A7,1) -> 50 | N7: =IF(AND(Q7="PHỤ",ISNUMBER(MATCH(RIGHT(A7,1)&LEFT(A7,1),$A$2:$A$101,0))),"CÓ CẶP LỘN","ĐƠN LẺ") -> ĐƠN LẺ | O7: =COUNTIF(DATA_NHAP!$F$860:$F$919,A7) -> 1 | P7: =IF(N7="CÓ CẶP LỘN",O7+INDEX($O$2:$O$101,MATCH(M7,$A$2:$A$101,0)),O7) -> 1 | Q7: =IF(AND(L7="",I7>=2,RANK(K7,$K$2:$K$101)<=15),"PHỤ","") | R7: =IF(Q7="PHỤ",P7*100+O7+(200-ROW())/1000,0) -> 0 | S7: =IF(AND(Q7="PHỤ",A7<>TOP_BAT_NHIP!$Z$32,A7<>TOP_BAT_NHIP!$AA$32),P7*100+O7+(200-ROW())/1000,0) -> 0
A8: =LOC_COPY!B26 -> 06 | B8: =--LOC_COPY!D26 -> 0 | C8: =--LOC_COPY!E26 -> 0 | D8: =--AND(LOC_COPY!D26,LOC_COPY!E26) -> 0 | E8: =--LOC_COPY!G26 -> 1 | F8: =LOC_COPY!H26 -> 1 | G8: =LOC_COPY!I26 | H8: =IF(G8="",0,F8*1000+(200-ROW())) -> 0 | I8: =B8+C8+D8+E8 -> 1 | J8: =IF(I8<2,-2,0)+IF(F8<2,-1,0)+IF(G8="",-1,0) -> -4 | K8: =F8+I8+J8 -> -2 | L8: =IF(AND(I8>=3,RANK(K8,$K$2:$K$101)<=8),"CHÍNH","") | M8: =RIGHT(A8,1)&LEFT(A8,1) -> 60 | N8: =IF(AND(Q8="PHỤ",ISNUMBER(MATCH(RIGHT(A8,1)&LEFT(A8,1),$A$2:$A$101,0))),"CÓ CẶP LỘN","ĐƠN LẺ") -> ĐƠN LẺ | O8: =COUNTIF(DATA_NHAP!$F$860:$F$919,A8) -> 0 | P8: =IF(N8="CÓ CẶP LỘN",O8+INDEX($O$2:$O$101,MATCH(M8,$A$2:$A$101,0)),O8) -> 0 | Q8: =IF(AND(L8="",I8>=2,RANK(K8,$K$2:$K$101)<=15),"PHỤ","") | R8: =IF(Q8="PHỤ",P8*100+O8+(200-ROW())/1000,0) -> 0 | S8: =IF(AND(Q8="PHỤ",A8<>TOP_BAT_NHIP!$Z$32,A8<>TOP_BAT_NHIP!$AA$32),P8*100+O8+(200-ROW())/1000,0) -> 0
A9: =LOC_COPY!B27 -> 07 | B9: =--LOC_COPY!D27 -> 0 | C9: =--LOC_COPY!E27 -> 0 | D9: =--AND(LOC_COPY!D27,LOC_COPY!E27) -> 0 | E9: =--LOC_COPY!G27 -> 0 | F9: =LOC_COPY!H27 -> 0 | G9: =LOC_COPY!I27 | H9: =IF(G9="",0,F9*1000+(200-ROW())) -> 0 | I9: =B9+C9+D9+E9 -> 0 | J9: =IF(I9<2,-2,0)+IF(F9<2,-1,0)+IF(G9="",-1,0) -> -4 | K9: =F9+I9+J9 -> -4 | L9: =IF(AND(I9>=3,RANK(K9,$K$2:$K$101)<=8),"CHÍNH","") | M9: =RIGHT(A9,1)&LEFT(A9,1) -> 70 | N9: =IF(AND(Q9="PHỤ",ISNUMBER(MATCH(RIGHT(A9,1)&LEFT(A9,1),$A$2:$A$101,0))),"CÓ CẶP LỘN","ĐƠN LẺ") -> ĐƠN LẺ | O9: =COUNTIF(DATA_NHAP!$F$860:$F$919,A9) -> 0 | P9: =IF(N9="CÓ CẶP LỘN",O9+INDEX($O$2:$O$101,MATCH(M9,$A$2:$A$101,0)),O9) -> 0 | Q9: =IF(AND(L9="",I9>=2,RANK(K9,$K$2:$K$101)<=15),"PHỤ","") | R9: =IF(Q9="PHỤ",P9*100+O9+(200-ROW())/1000,0) -> 0 | S9: =IF(AND(Q9="PHỤ",A9<>TOP_BAT_NHIP!$Z$32,A9<>TOP_BAT_NHIP!$AA$32),P9*100+O9+(200-ROW())/1000,0) -> 0
A10: =LOC_COPY!B28 -> 08 | B10: =--LOC_COPY!D28 -> 0 | C10: =--LOC_COPY!E28 -> 1 | D10: =--AND(LOC_COPY!D28,LOC_COPY!E28) -> 0 | E10: =--LOC_COPY!G28 -> 0 | F10: =LOC_COPY!H28 -> 1 | G10: =LOC_COPY!I28 -> 08 | H10: =IF(G10="",0,F10*1000+(200-ROW())) -> 1190 | I10: =B10+C10+D10+E10 -> 1 | J10: =IF(I10<2,-2,0)+IF(F10<2,-1,0)+IF(G10="",-1,0) -> -3 | K10: =F10+I10+J10 -> -1 | L10: =IF(AND(I10>=3,RANK(K10,$K$2:$K$101)<=8),"CHÍNH","") | M10: =RIGHT(A10,1)&LEFT(A10,1) -> 80 | N10: =IF(AND(Q10="PHỤ",ISNUMBER(MATCH(RIGHT(A10,1)&LEFT(A10,1),$A$2:$A$101,0))),"CÓ CẶP LỘN","ĐƠN LẺ") -> ĐƠN LẺ | O10: =COUNTIF(DATA_NHAP!$F$860:$F$919,A10) -> 1 | P10: =IF(N10="CÓ CẶP LỘN",O10+INDEX($O$2:$O$101,MATCH(M10,$A$2:$A$101,0)),O10) -> 1 | Q10: =IF(AND(L10="",I10>=2,RANK(K10,$K$2:$K$101)<=15),"PHỤ","") | R10: =IF(Q10="PHỤ",P10*100+O10+(200-ROW())/1000,0) -> 0 | S10: =IF(AND(Q10="PHỤ",A10<>TOP_BAT_NHIP!$Z$32,A10<>TOP_BAT_NHIP!$AA$32),P10*100+O10+(200-ROW())/1000,0) -> 0
A11: =LOC_COPY!B29 -> 09 | B11: =--LOC_COPY!D29 -> 0 | C11: =--LOC_COPY!E29 -> 1 | D11: =--AND(LOC_COPY!D29,LOC_COPY!E29) -> 0 | E11: =--LOC_COPY!G29 -> 0 | F11: =LOC_COPY!H29 -> 1 | G11: =LOC_COPY!I29 -> 09 | H11: =IF(G11="",0,F11*1000+(200-ROW())) -> 1189 | I11: =B11+C11+D11+E11 -> 1 | J11: =IF(I11<2,-2,0)+IF(F11<2,-1,0)+IF(G11="",-1,0) -> -3 | K11: =F11+I11+J11 -> -1 | L11: =IF(AND(I11>=3,RANK(K11,$K$2:$K$101)<=8),"CHÍNH","") | M11: =RIGHT(A11,1)&LEFT(A11,1) -> 90 | N11: =IF(AND(Q11="PHỤ",ISNUMBER(MATCH(RIGHT(A11,1)&LEFT(A11,1),$A$2:$A$101,0))),"CÓ CẶP LỘN","ĐƠN LẺ") -> ĐƠN LẺ | O11: =COUNTIF(DATA_NHAP!$F$860:$F$919,A11) -> 0 | P11: =IF(N11="CÓ CẶP LỘN",O11+INDEX($O$2:$O$101,MATCH(M11,$A$2:$A$101,0)),O11) -> 0 | Q11: =IF(AND(L11="",I11>=2,RANK(K11,$K$2:$K$101)<=15),"PHỤ","") | R11: =IF(Q11="PHỤ",P11*100+O11+(200-ROW())/1000,0) -> 0 | S11: =IF(AND(Q11="PHỤ",A11<>TOP_BAT_NHIP!$Z$32,A11<>TOP_BAT_NHIP!$AA$32),P11*100+O11+(200-ROW())/1000,0) -> 0
A12: =LOC_COPY!B30 -> 10 | B12: =--LOC_COPY!D30 -> 0 | C12: =--LOC_COPY!E30 -> 0 | D12: =--AND(LOC_COPY!D30,LOC_COPY!E30) -> 0 | E12: =--LOC_COPY!G30 -> 1 | F12: =LOC_COPY!H30 -> 1 | G12: =LOC_COPY!I30 | H12: =IF(G12="",0,F12*1000+(200-ROW())) -> 0 | I12: =B12+C12+D12+E12 -> 1 | J12: =IF(I12<2,-2,0)+IF(F12<2,-1,0)+IF(G12="",-1,0) -> -4 | K12: =F12+I12+J12 -> -2 | L12: =IF(AND(I12>=3,RANK(K12,$K$2:$K$101)<=8),"CHÍNH","") | M12: =RIGHT(A12,1)&LEFT(A12,1) -> 01 | N12: =IF(AND(Q12="PHỤ",ISNUMBER(MATCH(RIGHT(A12,1)&LEFT(A12,1),$A$2:$A$101,0))),"CÓ CẶP LỘN","ĐƠN LẺ") -> ĐƠN LẺ | O12: =COUNTIF(DATA_NHAP!$F$860:$F$919,A12) -> 0 | P12: =IF(N12="CÓ CẶP LỘN",O12+INDEX($O$2:$O$101,MATCH(M12,$A$2:$A$101,0)),O12) -> 0 | Q12: =IF(AND(L12="",I12>=2,RANK(K12,$K$2:$K$101)<=15),"PHỤ","") | R12: =IF(Q12="PHỤ",P12*100+O12+(200-ROW())/1000,0) -> 0 | S12: =IF(AND(Q12="PHỤ",A12<>TOP_BAT_NHIP!$Z$32,A12<>TOP_BAT_NHIP!$AA$32),P12*100+O12+(200-ROW())/1000,0) -> 0
A13: =LOC_COPY!B31 -> 11 | B13: =--LOC_COPY!D31 -> 0 | C13: =--LOC_COPY!E31 -> 0 | D13: =--AND(LOC_COPY!D31,LOC_COPY!E31) -> 0 | E13: =--LOC_COPY!G31 -> 1 | F13: =LOC_COPY!H31 -> 1 | G13: =LOC_COPY!I31 | H13: =IF(G13="",0,F13*1000+(200-ROW())) -> 0 | I13: =B13+C13+D13+E13 -> 1 | J13: =IF(I13<2,-2,0)+IF(F13<2,-1,0)+IF(G13="",-1,0) -> -4 | K13: =F13+I13+J13 -> -2 | L13: =IF(AND(I13>=3,RANK(K13,$K$2:$K$101)<=8),"CHÍNH","") | M13: =RIGHT(A13,1)&LEFT(A13,1) -> 11 | N13: =IF(AND(Q13="PHỤ",ISNUMBER(MATCH(RIGHT(A13,1)&LEFT(A13,1),$A$2:$A$101,0))),"CÓ CẶP LỘN","ĐƠN LẺ") -> ĐƠN LẺ | O13: =COUNTIF(DATA_NHAP!$F$860:$F$919,A13) -> 1 | P13: =IF(N13="CÓ CẶP LỘN",O13+INDEX($O$2:$O$101,MATCH(M13,$A$2:$A$101,0)),O13) -> 1 | Q13: =IF(AND(L13="",I13>=2,RANK(K13,$K$2:$K$101)<=15),"PHỤ","") | R13: =IF(Q13="PHỤ",P13*100+O13+(200-ROW())/1000,0) -> 0 | S13: =IF(AND(Q13="PHỤ",A13<>TOP_BAT_NHIP!$Z$32,A13<>TOP_BAT_NHIP!$AA$32),P13*100+O13+(200-ROW())/1000,0) -> 0
... A101: =LOC_COPY!B119 -> 99 | B101: =--LOC_COPY!D119 -> 0 | C101: =--LOC_COPY!E119 -> 1 | D101: =--AND(LOC_COPY!D119,LOC_COPY!E119) -> 0 | E101: =--LOC_COPY!G119 -> 0 | F101: =LOC_COPY!H119 -> 1 | G101: =LOC_COPY!I119 -> 99 | H101: =IF(G101="",0,F101*1000+(200-ROW())) -> 1099 | I101: =B101+C101+D101+E101 -> 1 | J101: =IF(I101<2,-2,0)+IF(F101<2,-1,0)+IF(G101="",-1,0) -> -3 | K101: =F101+I101+J101 -> -1 | L101: =IF(AND(I101>=3,RANK(K101,$K$2:$K$101)<=8),"CHÍNH","") | M101: =RIGHT(A101,1)&LEFT(A101,1) -> 99 | N101: =IF(AND(Q101="PHỤ",ISNUMBER(MATCH(RIGHT(A101,1)&LEFT(A101,1),$A$2:$A$101,0))),"CÓ CẶP LỘN","ĐƠN LẺ") -> ĐƠN LẺ | O101: =COUNTIF(DATA_NHAP!$F$860:$F$919,A101) -> 0 | P101: =IF(N101="CÓ CẶP LỘN",O101+INDEX($O$2:$O$101,MATCH(M101,$A$2:$A$101,0)),O101) -> 0 | Q101: =IF(AND(L101="",I101>=2,RANK(K101,$K$2:$K$101)<=15),"PHỤ","") | R101: =IF(Q101="PHỤ",P101*100+O101+(200-ROW())/1000,0) -> 0 | S101: =IF(AND(Q101="PHỤ",A101<>TOP_BAT_NHIP!$Z$32,A101<>TOP_BAT_NHIP!$AA$32),P101*100+O101+(200-ROW())/1000,0) -> 0

Sheet DIEM_3D
A1: 3D tạo ra | B1: 2D gốc | C1: Điểm 2D | D1: Số lần trùng | E1: Điểm 3D | F1: Key xếp hạng
A2: {=INDEX(DONG_THUAN_GHEP!$C$14:$H$113,INT((ROW()-2)/6)+1,MOD(ROW()-2,6)+1)} | B2: {=INDEX(DONG_THUAN_GHEP!$A$14:$A$113,INT((ROW()-2)/6)+1)} | C2: {=IF(A2="",0,INDEX(DONG_THUAN_GHEP!$B$14:$B$113,INT((ROW()-2)/6)+1))} -> 0 | D2: =IF(A2="",0,COUNTIF($A$2:$A$601,A2)) -> 0 | E2: =IF(A2="",0,C2+D2) -> 0 | F2: =IF(A2="",0,E2*100000+VALUE(A2)) -> 0
A3: {=INDEX(DONG_THUAN_GHEP!$C$14:$H$113,INT((ROW()-2)/6)+1,MOD(ROW()-2,6)+1)} | B3: {=INDEX(DONG_THUAN_GHEP!$A$14:$A$113,INT((ROW()-2)/6)+1)} | C3: {=IF(A3="",0,INDEX(DONG_THUAN_GHEP!$B$14:$B$113,INT((ROW()-2)/6)+1))} -> 0 | D3: =IF(A3="",0,COUNTIF($A$2:$A$601,A3)) -> 0 | E3: =IF(A3="",0,C3+D3) -> 0 | F3: =IF(A3="",0,E3*100000+VALUE(A3)) -> 0
A4: {=INDEX(DONG_THUAN_GHEP!$C$14:$H$113,INT((ROW()-2)/6)+1,MOD(ROW()-2,6)+1)} | B4: {=INDEX(DONG_THUAN_GHEP!$A$14:$A$113,INT((ROW()-2)/6)+1)} | C4: {=IF(A4="",0,INDEX(DONG_THUAN_GHEP!$B$14:$B$113,INT((ROW()-2)/6)+1))} -> 0 | D4: =IF(A4="",0,COUNTIF($A$2:$A$601,A4)) -> 0 | E4: =IF(A4="",0,C4+D4) -> 0 | F4: =IF(A4="",0,E4*100000+VALUE(A4)) -> 0
A5: {=INDEX(DONG_THUAN_GHEP!$C$14:$H$113,INT((ROW()-2)/6)+1,MOD(ROW()-2,6)+1)} | B5: {=INDEX(DONG_THUAN_GHEP!$A$14:$A$113,INT((ROW()-2)/6)+1)} | C5: {=IF(A5="",0,INDEX(DONG_THUAN_GHEP!$B$14:$B$113,INT((ROW()-2)/6)+1))} -> 0 | D5: =IF(A5="",0,COUNTIF($A$2:$A$601,A5)) -> 0 | E5: =IF(A5="",0,C5+D5) -> 0 | F5: =IF(A5="",0,E5*100000+VALUE(A5)) -> 0
A6: {=INDEX(DONG_THUAN_GHEP!$C$14:$H$113,INT((ROW()-2)/6)+1,MOD(ROW()-2,6)+1)} | B6: {=INDEX(DONG_THUAN_GHEP!$A$14:$A$113,INT((ROW()-2)/6)+1)} | C6: {=IF(A6="",0,INDEX(DONG_THUAN_GHEP!$B$14:$B$113,INT((ROW()-2)/6)+1))} -> 0 | D6: =IF(A6="",0,COUNTIF($A$2:$A$601,A6)) -> 0 | E6: =IF(A6="",0,C6+D6) -> 0 | F6: =IF(A6="",0,E6*100000+VALUE(A6)) -> 0
A7: {=INDEX(DONG_THUAN_GHEP!$C$14:$H$113,INT((ROW()-2)/6)+1,MOD(ROW()-2,6)+1)} | B7: {=INDEX(DONG_THUAN_GHEP!$A$14:$A$113,INT((ROW()-2)/6)+1)} | C7: {=IF(A7="",0,INDEX(DONG_THUAN_GHEP!$B$14:$B$113,INT((ROW()-2)/6)+1))} -> 0 | D7: =IF(A7="",0,COUNTIF($A$2:$A$601,A7)) -> 0 | E7: =IF(A7="",0,C7+D7) -> 0 | F7: =IF(A7="",0,E7*100000+VALUE(A7)) -> 0
A8: {=INDEX(DONG_THUAN_GHEP!$C$14:$H$113,INT((ROW()-2)/6)+1,MOD(ROW()-2,6)+1)} | B8: {=INDEX(DONG_THUAN_GHEP!$A$14:$A$113,INT((ROW()-2)/6)+1)} | C8: {=IF(A8="",0,INDEX(DONG_THUAN_GHEP!$B$14:$B$113,INT((ROW()-2)/6)+1))} -> 0 | D8: =IF(A8="",0,COUNTIF($A$2:$A$601,A8)) -> 0 | E8: =IF(A8="",0,C8+D8) -> 0 | F8: =IF(A8="",0,E8*100000+VALUE(A8)) -> 0
A9: {=INDEX(DONG_THUAN_GHEP!$C$14:$H$113,INT((ROW()-2)/6)+1,MOD(ROW()-2,6)+1)} | B9: {=INDEX(DONG_THUAN_GHEP!$A$14:$A$113,INT((ROW()-2)/6)+1)} | C9: {=IF(A9="",0,INDEX(DONG_THUAN_GHEP!$B$14:$B$113,INT((ROW()-2)/6)+1))} -> 0 | D9: =IF(A9="",0,COUNTIF($A$2:$A$601,A9)) -> 0 | E9: =IF(A9="",0,C9+D9) -> 0 | F9: =IF(A9="",0,E9*100000+VALUE(A9)) -> 0
A10: {=INDEX(DONG_THUAN_GHEP!$C$14:$H$113,INT((ROW()-2)/6)+1,MOD(ROW()-2,6)+1)} | B10: {=INDEX(DONG_THUAN_GHEP!$A$14:$A$113,INT((ROW()-2)/6)+1)} | C10: {=IF(A10="",0,INDEX(DONG_THUAN_GHEP!$B$14:$B$113,INT((ROW()-2)/6)+1))} -> 0 | D10: =IF(A10="",0,COUNTIF($A$2:$A$601,A10)) -> 0 | E10: =IF(A10="",0,C10+D10) -> 0 | F10: =IF(A10="",0,E10*100000+VALUE(A10)) -> 0
A11: {=INDEX(DONG_THUAN_GHEP!$C$14:$H$113,INT((ROW()-2)/6)+1,MOD(ROW()-2,6)+1)} | B11: {=INDEX(DONG_THUAN_GHEP!$A$14:$A$113,INT((ROW()-2)/6)+1)} | C11: {=IF(A11="",0,INDEX(DONG_THUAN_GHEP!$B$14:$B$113,INT((ROW()-2)/6)+1))} -> 0 | D11: =IF(A11="",0,COUNTIF($A$2:$A$601,A11)) -> 0 | E11: =IF(A11="",0,C11+D11) -> 0 | F11: =IF(A11="",0,E11*100000+VALUE(A11)) -> 0
A12: {=INDEX(DONG_THUAN_GHEP!$C$14:$H$113,INT((ROW()-2)/6)+1,MOD(ROW()-2,6)+1)} | B12: {=INDEX(DONG_THUAN_GHEP!$A$14:$A$113,INT((ROW()-2)/6)+1)} | C12: {=IF(A12="",0,INDEX(DONG_THUAN_GHEP!$B$14:$B$113,INT((ROW()-2)/6)+1))} -> 0 | D12: =IF(A12="",0,COUNTIF($A$2:$A$601,A12)) -> 0 | E12: =IF(A12="",0,C12+D12) -> 0 | F12: =IF(A12="",0,E12*100000+VALUE(A12)) -> 0
A13: {=INDEX(DONG_THUAN_GHEP!$C$14:$H$113,INT((ROW()-2)/6)+1,MOD(ROW()-2,6)+1)} | B13: {=INDEX(DONG_THUAN_GHEP!$A$14:$A$113,INT((ROW()-2)/6)+1)} | C13: {=IF(A13="",0,INDEX(DONG_THUAN_GHEP!$B$14:$B$113,INT((ROW()-2)/6)+1))} -> 0 | D13: =IF(A13="",0,COUNTIF($A$2:$A$601,A13)) -> 0 | E13: =IF(A13="",0,C13+D13) -> 0 | F13: =IF(A13="",0,E13*100000+VALUE(A13)) -> 0
... A601: {=INDEX(DONG_THUAN_GHEP!$C$14:$H$113,INT((ROW()-2)/6)+1,MOD(ROW()-2,6)+1)} -> 99 | B601: {=INDEX(DONG_THUAN_GHEP!$A$14:$A$113,INT((ROW()-2)/6)+1)} -> 99 | C601: {=IF(A601="",0,INDEX(DONG_THUAN_GHEP!$B$14:$B$113,INT((ROW()-2)/6)+1))} -> 1 | D601: =IF(A601="",0,COUNTIF($A$2:$A$601,A601)) -> 4 | E601: =IF(A601="",0,C601+D601) -> 5 | F601: =IF(A601="",0,E601*100000+VALUE(A601)) -> 500099

Sheet DIEM_4D
A1: 4D tạo ra | B1: 2D gốc | C1: Điểm 2D | D1: Số lần trùng | E1: Điểm 4D | F1: Key xếp hạng
A2: {=INDEX(DONG_THUAN_GHEP!$J$14:$AM$113,INT((ROW()-2)/30)+1,MOD(ROW()-2,30)+1)} | B2: {=INDEX(DONG_THUAN_GHEP!$A$14:$A$113,INT((ROW()-2)/30)+1)} | C2: {=IF(A2="",0,INDEX(DONG_THUAN_GHEP!$B$14:$B$113,INT((ROW()-2)/30)+1))} -> 0 | D2: =IF(A2="",0,COUNTIF($A$2:$A$3001,A2)) -> 0 | E2: =IF(A2="",0,C2+D2) -> 0 | F2: =IF(A2="",0,E2*100000+VALUE(A2)) -> 0
A3: {=INDEX(DONG_THUAN_GHEP!$J$14:$AM$113,INT((ROW()-2)/30)+1,MOD(ROW()-2,30)+1)} | B3: {=INDEX(DONG_THUAN_GHEP!$A$14:$A$113,INT((ROW()-2)/30)+1)} | C3: {=IF(A3="",0,INDEX(DONG_THUAN_GHEP!$B$14:$B$113,INT((ROW()-2)/30)+1))} -> 0 | D3: =IF(A3="",0,COUNTIF($A$2:$A$3001,A3)) -> 0 | E3: =IF(A3="",0,C3+D3) -> 0 | F3: =IF(A3="",0,E3*100000+VALUE(A3)) -> 0
A4: {=INDEX(DONG_THUAN_GHEP!$J$14:$AM$113,INT((ROW()-2)/30)+1,MOD(ROW()-2,30)+1)} | B4: {=INDEX(DONG_THUAN_GHEP!$A$14:$A$113,INT((ROW()-2)/30)+1)} | C4: {=IF(A4="",0,INDEX(DONG_THUAN_GHEP!$B$14:$B$113,INT((ROW()-2)/30)+1))} -> 0 | D4: =IF(A4="",0,COUNTIF($A$2:$A$3001,A4)) -> 0 | E4: =IF(A4="",0,C4+D4) -> 0 | F4: =IF(A4="",0,E4*100000+VALUE(A4)) -> 0
A5: {=INDEX(DONG_THUAN_GHEP!$J$14:$AM$113,INT((ROW()-2)/30)+1,MOD(ROW()-2,30)+1)} | B5: {=INDEX(DONG_THUAN_GHEP!$A$14:$A$113,INT((ROW()-2)/30)+1)} | C5: {=IF(A5="",0,INDEX(DONG_THUAN_GHEP!$B$14:$B$113,INT((ROW()-2)/30)+1))} -> 0 | D5: =IF(A5="",0,COUNTIF($A$2:$A$3001,A5)) -> 0 | E5: =IF(A5="",0,C5+D5) -> 0 | F5: =IF(A5="",0,E5*100000+VALUE(A5)) -> 0
A6: {=INDEX(DONG_THUAN_GHEP!$J$14:$AM$113,INT((ROW()-2)/30)+1,MOD(ROW()-2,30)+1)} | B6: {=INDEX(DONG_THUAN_GHEP!$A$14:$A$113,INT((ROW()-2)/30)+1)} | C6: {=IF(A6="",0,INDEX(DONG_THUAN_GHEP!$B$14:$B$113,INT((ROW()-2)/30)+1))} -> 0 | D6: =IF(A6="",0,COUNTIF($A$2:$A$3001,A6)) -> 0 | E6: =IF(A6="",0,C6+D6) -> 0 | F6: =IF(A6="",0,E6*100000+VALUE(A6)) -> 0
A7: {=INDEX(DONG_THUAN_GHEP!$J$14:$AM$113,INT((ROW()-2)/30)+1,MOD(ROW()-2,30)+1)} | B7: {=INDEX(DONG_THUAN_GHEP!$A$14:$A$113,INT((ROW()-2)/30)+1)} | C7: {=IF(A7="",0,INDEX(DONG_THUAN_GHEP!$B$14:$B$113,INT((ROW()-2)/30)+1))} -> 0 | D7: =IF(A7="",0,COUNTIF($A$2:$A$3001,A7)) -> 0 | E7: =IF(A7="",0,C7+D7) -> 0 | F7: =IF(A7="",0,E7*100000+VALUE(A7)) -> 0
A8: {=INDEX(DONG_THUAN_GHEP!$J$14:$AM$113,INT((ROW()-2)/30)+1,MOD(ROW()-2,30)+1)} | B8: {=INDEX(DONG_THUAN_GHEP!$A$14:$A$113,INT((ROW()-2)/30)+1)} | C8: {=IF(A8="",0,INDEX(DONG_THUAN_GHEP!$B$14:$B$113,INT((ROW()-2)/30)+1))} -> 0 | D8: =IF(A8="",0,COUNTIF($A$2:$A$3001,A8)) -> 0 | E8: =IF(A8="",0,C8+D8) -> 0 | F8: =IF(A8="",0,E8*100000+VALUE(A8)) -> 0
A9: {=INDEX(DONG_THUAN_GHEP!$J$14:$AM$113,INT((ROW()-2)/30)+1,MOD(ROW()-2,30)+1)} | B9: {=INDEX(DONG_THUAN_GHEP!$A$14:$A$113,INT((ROW()-2)/30)+1)} | C9: {=IF(A9="",0,INDEX(DONG_THUAN_GHEP!$B$14:$B$113,INT((ROW()-2)/30)+1))} -> 0 | D9: =IF(A9="",0,COUNTIF($A$2:$A$3001,A9)) -> 0 | E9: =IF(A9="",0,C9+D9) -> 0 | F9: =IF(A9="",0,E9*100000+VALUE(A9)) -> 0
A10: {=INDEX(DONG_THUAN_GHEP!$J$14:$AM$113,INT((ROW()-2)/30)+1,MOD(ROW()-2,30)+1)} | B10: {=INDEX(DONG_THUAN_GHEP!$A$14:$A$113,INT((ROW()-2)/30)+1)} | C10: {=IF(A10="",0,INDEX(DONG_THUAN_GHEP!$B$14:$B$113,INT((ROW()-2)/30)+1))} -> 0 | D10: =IF(A10="",0,COUNTIF($A$2:$A$3001,A10)) -> 0 | E10: =IF(A10="",0,C10+D10) -> 0 | F10: =IF(A10="",0,E10*100000+VALUE(A10)) -> 0
A11: {=INDEX(DONG_THUAN_GHEP!$J$14:$AM$113,INT((ROW()-2)/30)+1,MOD(ROW()-2,30)+1)} | B11: {=INDEX(DONG_THUAN_GHEP!$A$14:$A$113,INT((ROW()-2)/30)+1)} | C11: {=IF(A11="",0,INDEX(DONG_THUAN_GHEP!$B$14:$B$113,INT((ROW()-2)/30)+1))} -> 0 | D11: =IF(A11="",0,COUNTIF($A$2:$A$3001,A11)) -> 0 | E11: =IF(A11="",0,C11+D11) -> 0 | F11: =IF(A11="",0,E11*100000+VALUE(A11)) -> 0
A12: {=INDEX(DONG_THUAN_GHEP!$J$14:$AM$113,INT((ROW()-2)/30)+1,MOD(ROW()-2,30)+1)} | B12: {=INDEX(DONG_THUAN_GHEP!$A$14:$A$113,INT((ROW()-2)/30)+1)} | C12: {=IF(A12="",0,INDEX(DONG_THUAN_GHEP!$B$14:$B$113,INT((ROW()-2)/30)+1))} -> 0 | D12: =IF(A12="",0,COUNTIF($A$2:$A$3001,A12)) -> 0 | E12: =IF(A12="",0,C12+D12) -> 0 | F12: =IF(A12="",0,E12*100000+VALUE(A12)) -> 0
A13: {=INDEX(DONG_THUAN_GHEP!$J$14:$AM$113,INT((ROW()-2)/30)+1,MOD(ROW()-2,30)+1)} | B13: {=INDEX(DONG_THUAN_GHEP!$A$14:$A$113,INT((ROW()-2)/30)+1)} | C13: {=IF(A13="",0,INDEX(DONG_THUAN_GHEP!$B$14:$B$113,INT((ROW()-2)/30)+1))} -> 0 | D13: =IF(A13="",0,COUNTIF($A$2:$A$3001,A13)) -> 0 | E13: =IF(A13="",0,C13+D13) -> 0 | F13: =IF(A13="",0,E13*100000+VALUE(A13)) -> 0
... A3001: {=INDEX(DONG_THUAN_GHEP!$J$14:$AM$113,INT((ROW()-2)/30)+1,MOD(ROW()-2,30)+1)} -> 99 | B3001: {=INDEX(DONG_THUAN_GHEP!$A$14:$A$113,INT((ROW()-2)/30)+1)} -> 99 | C3001: {=IF(A3001="",0,INDEX(DONG_THUAN_GHEP!$B$14:$B$113,INT((ROW()-2)/30)+1))} -> 1 | D3001: =IF(A3001="",0,COUNTIF($A$2:$A$3001,A3001)) -> 16 | E3001: =IF(A3001="",0,C3001+D3001) -> 17 | F3001: =IF(A3001="",0,E3001*100000+VALUE(A3001)) -> 1700099

Sheet TOP_BAT_NHIP
A1: TOP_BAT_NHIP - CHẤM ĐIỂM 2D / 3D / 4D ĐỂ BẮT NHỊP
A3: Tuần cần xem | B3: =TOP_BAT_NHIP!C1 | C3: Tuần lấy vị trí | D3: =LOC_COPY!E3 -> 136
A5: Top 2D nổi bật | D5: Top 3D bắt nhịp | G5: Top 4D bắt nhịp
A6: STT | B6: 2D | C6: Điểm | D6: STT | E6: 3D | F6: Điểm | G6: STT | H6: 4D | I6: Điểm
A7: 1 | B7: {=IFERROR(INDEX(DIEM_2D!$A$2:$A$101,MATCH(LARGE(DIEM_2D!$H$2:$H$101,A7),DIEM_2D!$H$2:$H$101,0)),"")} -> 17 | C7: {=IF(B7="","",INDEX(DIEM_2D!$F$2:$F$101,MATCH(B7,DIEM_2D!$A$2:$A$101,0)))} -> 2 | D7: 1 | E7: {=IFERROR(INDEX(DIEM_3D!$A$2:$A$601,MATCH(LARGE(DIEM_3D!$F$2:$F$601,D7),DIEM_3D!$F$2:$F$601,0)),"")} -> 92 | F7: {=IF(E7="","",INDEX(DIEM_3D!$E$2:$E$601,MATCH(E7,DIEM_3D!$A$2:$A$601,0)))} -> 6 | G7: 1 | H7: {=IFERROR(INDEX(DIEM_4D!$A$2:$A$3001,MATCH(LARGE(DIEM_4D!$F$2:$F$3001,G7),DIEM_4D!$F$2:$F$3001,0)),"")} -> 92 | I7: {=IF(H7="","",INDEX(DIEM_4D!$E$2:$E$3001,MATCH(H7,DIEM_4D!$A$2:$A$3001,0)))} -> 18
A8: 2 | B8: {=IFERROR(INDEX(DIEM_2D!$A$2:$A$101,MATCH(LARGE(DIEM_2D!$H$2:$H$101,A8),DIEM_2D!$H$2:$H$101,0)),"")} -> 18 | C8: {=IF(B8="","",INDEX(DIEM_2D!$F$2:$F$101,MATCH(B8,DIEM_2D!$A$2:$A$101,0)))} -> 2 | D8: 2 | E8: {=IFERROR(INDEX(DIEM_3D!$A$2:$A$601,MATCH(LARGE(DIEM_3D!$F$2:$F$601,D8),DIEM_3D!$F$2:$F$601,0)),"")} -> 92 | F8: {=IF(E8="","",INDEX(DIEM_3D!$E$2:$E$601,MATCH(E8,DIEM_3D!$A$2:$A$601,0)))} -> 6 | G8: 2 | H8: {=IFERROR(INDEX(DIEM_4D!$A$2:$A$3001,MATCH(LARGE(DIEM_4D!$F$2:$F$3001,G8),DIEM_4D!$F$2:$F$3001,0)),"")} -> 92 | I8: {=IF(H8="","",INDEX(DIEM_4D!$E$2:$E$3001,MATCH(H8,DIEM_4D!$A$2:$A$3001,0)))} -> 18
A9: 3 | B9: {=IFERROR(INDEX(DIEM_2D!$A$2:$A$101,MATCH(LARGE(DIEM_2D!$H$2:$H$101,A9),DIEM_2D!$H$2:$H$101,0)),"")} -> 26 | C9: {=IF(B9="","",INDEX(DIEM_2D!$F$2:$F$101,MATCH(B9,DIEM_2D!$A$2:$A$101,0)))} -> 2 | D9: 3 | E9: {=IFERROR(INDEX(DIEM_3D!$A$2:$A$601,MATCH(LARGE(DIEM_3D!$F$2:$F$601,D9),DIEM_3D!$F$2:$F$601,0)),"")} -> 92 | F9: {=IF(E9="","",INDEX(DIEM_3D!$E$2:$E$601,MATCH(E9,DIEM_3D!$A$2:$A$601,0)))} -> 6 | G9: 3 | H9: {=IFERROR(INDEX(DIEM_4D!$A$2:$A$3001,MATCH(LARGE(DIEM_4D!$F$2:$F$3001,G9),DIEM_4D!$F$2:$F$3001,0)),"")} -> 92 | I9: {=IF(H9="","",INDEX(DIEM_4D!$E$2:$E$3001,MATCH(H9,DIEM_4D!$A$2:$A$3001,0)))} -> 18
A10: 4 | B10: {=IFERROR(INDEX(DIEM_2D!$A$2:$A$101,MATCH(LARGE(DIEM_2D!$H$2:$H$101,A10),DIEM_2D!$H$2:$H$101,0)),"")} -> 27 | C10: {=IF(B10="","",INDEX(DIEM_2D!$F$2:$F$101,MATCH(B10,DIEM_2D!$A$2:$A$101,0)))} -> 2 | D10: 4 | E10: {=IFERROR(INDEX(DIEM_3D!$A$2:$A$601,MATCH(LARGE(DIEM_3D!$F$2:$F$601,D10),DIEM_3D!$F$2:$F$601,0)),"")} -> 92 | F10: {=IF(E10="","",INDEX(DIEM_3D!$E$2:$E$601,MATCH(E10,DIEM_3D!$A$2:$A$601,0)))} -> 6 | G10: 4 | H10: {=IFERROR(INDEX(DIEM_4D!$A$2:$A$3001,MATCH(LARGE(DIEM_4D!$F$2:$F$3001,G10),DIEM_4D!$F$2:$F$3001,0)),"")} -> 92 | I10: {=IF(H10="","",INDEX(DIEM_4D!$E$2:$E$3001,MATCH(H10,DIEM_4D!$A$2:$A$3001,0)))} -> 18
A11: 5 | B11: {=IFERROR(INDEX(DIEM_2D!$A$2:$A$101,MATCH(LARGE(DIEM_2D!$H$2:$H$101,A11),DIEM_2D!$H$2:$H$101,0)),"")} -> 29 | C11: {=IF(B11="","",INDEX(DIEM_2D!$F$2:$F$101,MATCH(B11,DIEM_2D!$A$2:$A$101,0)))} -> 2 | D11: 5 | E11: {=IFERROR(INDEX(DIEM_3D!$A$2:$A$601,MATCH(LARGE(DIEM_3D!$F$2:$F$601,D11),DIEM_3D!$F$2:$F$601,0)),"")} -> 83 | F11: {=IF(E11="","",INDEX(DIEM_3D!$E$2:$E$601,MATCH(E11,DIEM_3D!$A$2:$A$601,0)))} -> 6 | G11: 5 | H11: {=IFERROR(INDEX(DIEM_4D!$A$2:$A$3001,MATCH(LARGE(DIEM_4D!$F$2:$F$3001,G11),DIEM_4D!$F$2:$F$3001,0)),"")} -> 92 | I11: {=IF(H11="","",INDEX(DIEM_4D!$E$2:$E$3001,MATCH(H11,DIEM_4D!$A$2:$A$3001,0)))} -> 18
A12: 6 | B12: {=IFERROR(INDEX(DIEM_2D!$A$2:$A$101,MATCH(LARGE(DIEM_2D!$H$2:$H$101,A12),DIEM_2D!$H$2:$H$101,0)),"")} -> 35 | C12: {=IF(B12="","",INDEX(DIEM_2D!$F$2:$F$101,MATCH(B12,DIEM_2D!$A$2:$A$101,0)))} -> 2 | D12: 6 | E12: {=IFERROR(INDEX(DIEM_3D!$A$2:$A$601,MATCH(LARGE(DIEM_3D!$F$2:$F$601,D12),DIEM_3D!$F$2:$F$601,0)),"")} -> 83 | F12: {=IF(E12="","",INDEX(DIEM_3D!$E$2:$E$601,MATCH(E12,DIEM_3D!$A$2:$A$601,0)))} -> 6 | G12: 6 | H12: {=IFERROR(INDEX(DIEM_4D!$A$2:$A$3001,MATCH(LARGE(DIEM_4D!$F$2:$F$3001,G12),DIEM_4D!$F$2:$F$3001,0)),"")} -> 92 | I12: {=IF(H12="","",INDEX(DIEM_4D!$E$2:$E$3001,MATCH(H12,DIEM_4D!$A$2:$A$3001,0)))} -> 18
A13: 7 | B13: {=IFERROR(INDEX(DIEM_2D!$A$2:$A$101,MATCH(LARGE(DIEM_2D!$H$2:$H$101,A13),DIEM_2D!$H$2:$H$101,0)),"")} -> 36 | C13: {=IF(B13="","",INDEX(DIEM_2D!$F$2:$F$101,MATCH(B13,DIEM_2D!$A$2:$A$101,0)))} -> 2 | D13: 7 | E13: {=IFERROR(INDEX(DIEM_3D!$A$2:$A$601,MATCH(LARGE(DIEM_3D!$F$2:$F$601,D13),DIEM_3D!$F$2:$F$601,0)),"")} -> 83 | F13: {=IF(E13="","",INDEX(DIEM_3D!$E$2:$E$601,MATCH(E13,DIEM_3D!$A$2:$A$601,0)))} -> 6 | G13: 7 | H13: {=IFERROR(INDEX(DIEM_4D!$A$2:$A$3001,MATCH(LARGE(DIEM_4D!$F$2:$F$3001,G13),DIEM_4D!$F$2:$F$3001,0)),"")} -> 92 | I13: {=IF(H13="","",INDEX(DIEM_4D!$E$2:$E$3001,MATCH(H13,DIEM_4D!$A$2:$A$3001,0)))} -> 18
A14: 8 | B14: {=IFERROR(INDEX(DIEM_2D!$A$2:$A$101,MATCH(LARGE(DIEM_2D!$H$2:$H$101,A14),DIEM_2D!$H$2:$H$101,0)),"")} -> 38 | C14: {=IF(B14="","",INDEX(DIEM_2D!$F$2:$F$101,MATCH(B14,DIEM_2D!$A$2:$A$101,0)))} -> 2 | D14: 8 | E14: {=IFERROR(INDEX(DIEM_3D!$A$2:$A$601,MATCH(LARGE(DIEM_3D!$F$2:$F$601,D14),DIEM_3D!$F$2:$F$601,0)),"")} -> 83 | F14: {=IF(E14="","",INDEX(DIEM_3D!$E$2:$E$601,MATCH(E14,DIEM_3D!$A$2:$A$601,0)))} -> 6 | G14: 8 | H14: {=IFERROR(INDEX(DIEM_4D!$A$2:$A$3001,MATCH(LARGE(DIEM_4D!$F$2:$F$3001,G14),DIEM_4D!$F$2:$F$3001,0)),"")} -> 92 | I14: {=IF(H14="","",INDEX(DIEM_4D!$E$2:$E$3001,MATCH(H14,DIEM_4D!$A$2:$A$3001,0)))} -> 18
A15: 9 | B15: {=IFERROR(INDEX(DIEM_2D!$A$2:$A$101,MATCH(LARGE(DIEM_2D!$H$2:$H$101,A15),DIEM_2D!$H$2:$H$101,0)),"")} -> 53 | C15: {=IF(B15="","",INDEX(DIEM_2D!$F$2:$F$101,MATCH(B15,DIEM_2D!$A$2:$A$101,0)))} -> 2 | D15: 9 | E15: {=IFERROR(INDEX(DIEM_3D!$A$2:$A$601,MATCH(LARGE(DIEM_3D!$F$2:$F$601,D15),DIEM_3D!$F$2:$F$601,0)),"")} -> 81 | F15: {=IF(E15="","",INDEX(DIEM_3D!$E$2:$E$601,MATCH(E15,DIEM_3D!$A$2:$A$601,0)))} -> 6 | G15: 9 | H15: {=IFERROR(INDEX(DIEM_4D!$A$2:$A$3001,MATCH(LARGE(DIEM_4D!$F$2:$F$3001,G15),DIEM_4D!$F$2:$F$3001,0)),"")} -> 92 | I15: {=IF(H15="","",INDEX(DIEM_4D!$E$2:$E$3001,MATCH(H15,DIEM_4D!$A$2:$A$3001,0)))} -> 18
A16: 10 | B16: {=IFERROR(INDEX(DIEM_2D!$A$2:$A$101,MATCH(LARGE(DIEM_2D!$H$2:$H$101,A16),DIEM_2D!$H$2:$H$101,0)),"")} -> 56 | C16: {=IF(B16="","",INDEX(DIEM_2D!$F$2:$F$101,MATCH(B16,DIEM_2D!$A$2:$A$101,0)))} -> 2 | D16: 10 | E16: {=IFERROR(INDEX(DIEM_3D!$A$2:$A$601,MATCH(LARGE(DIEM_3D!$F$2:$F$601,D16),DIEM_3D!$F$2:$F$601,0)),"")} -> 81 | F16: {=IF(E16="","",INDEX(DIEM_3D!$E$2:$E$601,MATCH(E16,DIEM_3D!$A$2:$A$601,0)))} -> 6 | G16: 10 | H16: {=IFERROR(INDEX(DIEM_4D!$A$2:$A$3001,MATCH(LARGE(DIEM_4D!$F$2:$F$3001,G16),DIEM_4D!$F$2:$F$3001,0)),"")} -> 92 | I16: {=IF(H16="","",INDEX(DIEM_4D!$E$2:$E$3001,MATCH(H16,DIEM_4D!$A$2:$A$3001,0)))} -> 18
A17: 11 | B17: {=IFERROR(INDEX(DIEM_2D!$A$2:$A$101,MATCH(LARGE(DIEM_2D!$H$2:$H$101,A17),DIEM_2D!$H$2:$H$101,0)),"")} -> 62 | C17: {=IF(B17="","",INDEX(DIEM_2D!$F$2:$F$101,MATCH(B17,DIEM_2D!$A$2:$A$101,0)))} -> 2 | D17: 11 | E17: {=IFERROR(INDEX(DIEM_3D!$A$2:$A$601,MATCH(LARGE(DIEM_3D!$F$2:$F$601,D17),DIEM_3D!$F$2:$F$601,0)),"")} -> 81 | F17: {=IF(E17="","",INDEX(DIEM_3D!$E$2:$E$601,MATCH(E17,DIEM_3D!$A$2:$A$601,0)))} -> 6 | G17: 11 | H17: {=IFERROR(INDEX(DIEM_4D!$A$2:$A$3001,MATCH(LARGE(DIEM_4D!$F$2:$F$3001,G17),DIEM_4D!$F$2:$F$3001,0)),"")} -> 92 | I17: {=IF(H17="","",INDEX(DIEM_4D!$E$2:$E$3001,MATCH(H17,DIEM_4D!$A$2:$A$3001,0)))} -> 18
A18: 12 | B18: {=IFERROR(INDEX(DIEM_2D!$A$2:$A$101,MATCH(LARGE(DIEM_2D!$H$2:$H$101,A18),DIEM_2D!$H$2:$H$101,0)),"")} -> 63 | C18: {=IF(B18="","",INDEX(DIEM_2D!$F$2:$F$101,MATCH(B18,DIEM_2D!$A$2:$A$101,0)))} -> 2 | D18: 12 | E18: {=IFERROR(INDEX(DIEM_3D!$A$2:$A$601,MATCH(LARGE(DIEM_3D!$F$2:$F$601,D18),DIEM_3D!$F$2:$F$601,0)),"")} -> 81 | F18: {=IF(E18="","",INDEX(DIEM_3D!$E$2:$E$601,MATCH(E18,DIEM_3D!$A$2:$A$601,0)))} -> 6 | G18: 12 | H18: {=IFERROR(INDEX(DIEM_4D!$A$2:$A$3001,MATCH(LARGE(DIEM_4D!$F$2:$F$3001,G18),DIEM_4D!$F$2:$F$3001,0)),"")} -> 92 | I18: {=IF(H18="","",INDEX(DIEM_4D!$E$2:$E$3001,MATCH(H18,DIEM_4D!$A$2:$A$3001,0)))} -> 18
... A26: 20 | B26: {=IFERROR(INDEX(DIEM_2D!$A$2:$A$101,MATCH(LARGE(DIEM_2D!$H$2:$H$101,A26),DIEM_2D!$H$2:$H$101,0)),"")} -> 92 | C26: {=IF(B26="","",INDEX(DIEM_2D!$F$2:$F$101,MATCH(B26,DIEM_2D!$A$2:$A$101,0)))} -> 2 | D26: 20 | E26: {=IFERROR(INDEX(DIEM_3D!$A$2:$A$601,MATCH(LARGE(DIEM_3D!$F$2:$F$601,D26),DIEM_3D!$F$2:$F$601,0)),"")} -> 72 | F26: {=IF(E26="","",INDEX(DIEM_3D!$E$2:$E$601,MATCH(E26,DIEM_3D!$A$2:$A$601,0)))} -> 6 | G26: 20 | H26: {=IFERROR(INDEX(DIEM_4D!$A$2:$A$3001,MATCH(LARGE(DIEM_4D!$F$2:$F$3001,G26),DIEM_4D!$F$2:$F$3001,0)),"")} -> 83 | I26: {=IF(H26="","",INDEX(DIEM_4D!$E$2:$E$3001,MATCH(H26,DIEM_4D!$A$2:$A$3001,0)))} -> 18
A29: Copy nhanh 2D | B29: =LOC_COPY!B14 -> 17 18 26 27 29 35 36 38 53 56 62 63 65 67 71 72 76 81 83 92
A30: Ghi chú | B30: 2D nguồn được tạo theo nhóm số + tổng. Chạm chính chỉ cộng điểm, không tự sinh thêm số. 3D/4D lấy vị trí tuần N-1 rồi chấm điểm trùng nhịp.
A32: BẠCH THỦ VIP 2D | B32: {=INDEX(DIEM_2D!$A$2:$A$101,MATCH(MAX(DIEM_2D!$R$2:$R$101),DIEM_2D!$R$2:$R$101,0))} -> 83 | Z32: =B32 -> 83 | AA32: =IF(Z32="","",RIGHT(Z32,1)&LEFT(Z32,1)) -> 38
A33: SONG THỦ LỘN VIP | B33: =IF(B32="","",B32&" - "&RIGHT(B32,1)&LEFT(B32,1)) -> 83 - 38 | Z33: {=INDEX(DIEM_2D!$A$2:$A$101,MATCH(MAX(DIEM_2D!$S$2:$S$101),DIEM_2D!$S$2:$S$101,0))} -> 36 | AA33: =IF(Z33="","",RIGHT(Z33,1)&LEFT(Z33,1)) -> 63
A34: TỨ THỦ BẮT NHỊP | B34: =IF(B32="","",IF(Z33="",B33,B33&" | "&Z33&" - "&AA33)) -> 83 - 38 | 36 - 63
A35: TIÊU CHÍ XẾP HẠNG | B35: Ưu tiên Tổng Nhịp Cặp Lộn (P); nếu bằng nhau, xét Tần Suất 60 Ngày (O).

Sheet HUONG_DAN
A1: HƯỚNG DẪN DÙNG FILE
A3: Bước | B3: Nội dung
A4: 1 | B4: Vào LOC_COPY, nhập Tuần cần xem tại B3. Ví dụ nhập 129 thì file tự lấy vị trí tuần 128.
A5: 2 | B5: Sửa Nhóm 1, Nhóm 2, Tổng bật và Chạm chính nếu cần. Tổng bật có thể nhập nhiều số liền nhau, ví dụ 49.
A6: 3 | B6: LOC_COPY tạo Dàn 2D nguồn và Dàn 2D nổi bật. Chạm chính chỉ cộng điểm, không tự đẻ số riêng.
A7: 4 | B7: VI_TRI_GHEP tự lấy vị trí 3D/4D từ DATA_NHAP theo tuần trước.
A8: 5 | B8: DONG_THUAN_GHEP ghép toàn bộ 3D/4D từ dàn 2D đã tạo.
A9: 6 | B9: DIEM_2D, DIEM_3D, DIEM_4D chấm điểm để bắt nhịp. Xem kết quả cuối ở TOP_BAT_NHIP.
A10: 7 | B10: Khi thêm kết quả mới, nhập GĐB ở cột D của DATA_NHAP; các cột còn lại tự chạy.
A11: 8 | B11: Xem sheet MANH_YEU_DAN_GHEP để phân loại vị trí/dàn ghép thành MẠNH - TRUNG BÌNH - YẾU. Sheet này chỉ bổ sung điểm, không thay đổi logic gốc.

Sheet BACKTEST_DONG_THUAN
A1: BACKTEST ĐỒNG THUẬN 2D - kiểm tra lệch/chệch
A3: Tổng số 2D | B3: =COUNTA(DIEM_2D!A2:A101) -> 100
A4: Số đồng thuận >=3 | B4: =COUNTIF(DIEM_2D!I2:I101,">=3") -> 0
A5: Số đồng thuận >=2 | B5: =COUNTIF(DIEM_2D!I2:I101,">=2") -> 20
A6: Số bị phạt | B6: =COUNTIF(DIEM_2D!J2:J101,"<0") -> 80
A7: Top chính | B7: =COUNTIF(DIEM_2D!L2:L101,"CHÍNH") -> 0
A8: Top phụ | B8: =COUNTIF(DIEM_2D!M2:Q101,"PHỤ") -> 20
A10: STT | B10: 2D | C10: Nhóm 1 | D10: Nhóm 2 | E10: Trùng 2 nhóm | F10: Chạm chính | G10: Điểm 2D | H10: Dàn nguồn | I10: Độ đồng thuận | J10: Điểm phạt | K10: Điểm sau phạt | L10: Top chính | M10: Top phụ | N10: Ghi chú
A11: =ROW()-10 -> 1 | B11: =DIEM_2D!A2 -> 00 | C11: =DIEM_2D!B2 -> 0 | D11: =DIEM_2D!C2 -> 0 | E11: =DIEM_2D!D2 -> 0 | F11: =DIEM_2D!E2 -> 0 | G11: =DIEM_2D!F2 -> 0 | H11: =DIEM_2D!G2 | I11: =DIEM_2D!I2 -> 0 | J11: =DIEM_2D!J2 -> -4 | K11: =DIEM_2D!K2 -> -4 | L11: =DIEM_2D!L2 | M11: =DIEM_2D!Q2 | N11: =IF(L11="CHÍNH","Dàn chính - ưu tiên kiểm tra",IF(M11="PHỤ","Dàn phụ - mở rộng",IF(I11<2,"Loại: đồng thuận thấp","Theo dõi thêm"))) -> Loại: đồng thuận thấp
A12: =ROW()-10 -> 2 | B12: =DIEM_2D!A3 -> 01 | C12: =DIEM_2D!B3 -> 0 | D12: =DIEM_2D!C3 -> 0 | E12: =DIEM_2D!D3 -> 0 | F12: =DIEM_2D!E3 -> 1 | G12: =DIEM_2D!F3 -> 1 | H12: =DIEM_2D!G3 | I12: =DIEM_2D!I3 -> 1 | J12: =DIEM_2D!J3 -> -4 | K12: =DIEM_2D!K3 -> -2 | L12: =DIEM_2D!L3 | M12: =DIEM_2D!Q3 | N12: =IF(L12="CHÍNH","Dàn chính - ưu tiên kiểm tra",IF(M12="PHỤ","Dàn phụ - mở rộng",IF(I12<2,"Loại: đồng thuận thấp","Theo dõi thêm"))) -> Loại: đồng thuận thấp
A13: =ROW()-10 -> 3 | B13: =DIEM_2D!A4 -> 02 | C13: =DIEM_2D!B4 -> 0 | D13: =DIEM_2D!C4 -> 0 | E13: =DIEM_2D!D4 -> 0 | F13: =DIEM_2D!E4 -> 1 | G13: =DIEM_2D!F4 -> 1 | H13: =DIEM_2D!G4 | I13: =DIEM_2D!I4 -> 1 | J13: =DIEM_2D!J4 -> -4 | K13: =DIEM_2D!K4 -> -2 | L13: =DIEM_2D!L4 | M13: =DIEM_2D!Q4 | N13: =IF(L13="CHÍNH","Dàn chính - ưu tiên kiểm tra",IF(M13="PHỤ","Dàn phụ - mở rộng",IF(I13<2,"Loại: đồng thuận thấp","Theo dõi thêm"))) -> Loại: đồng thuận thấp
A14: =ROW()-10 -> 4 | B14: =DIEM_2D!A5 -> 03 | C14: =DIEM_2D!B5 -> 0 | D14: =DIEM_2D!C5 -> 0 | E14: =DIEM_2D!D5 -> 0 | F14: =DIEM_2D!E5 -> 1 | G14: =DIEM_2D!F5 -> 1 | H14: =DIEM_2D!G5 | I14: =DIEM_2D!I5 -> 1 | J14: =DIEM_2D!J5 -> -4 | K14: =DIEM_2D!K5 -> -2 | L14: =DIEM_2D!L5 | M14: =DIEM_2D!Q5 | N14: =IF(L14="CHÍNH","Dàn chính - ưu tiên kiểm tra",IF(M14="PHỤ","Dàn phụ - mở rộng",IF(I14<2,"Loại: đồng thuận thấp","Theo dõi thêm"))) -> Loại: đồng thuận thấp
A15: =ROW()-10 -> 5 | B15: =DIEM_2D!A6 -> 04 | C15: =DIEM_2D!B6 -> 0 | D15: =DIEM_2D!C6 -> 0 | E15: =DIEM_2D!D6 -> 0 | F15: =DIEM_2D!E6 -> 0 | G15: =DIEM_2D!F6 -> 0 | H15: =DIEM_2D!G6 | I15: =DIEM_2D!I6 -> 0 | J15: =DIEM_2D!J6 -> -4 | K15: =DIEM_2D!K6 -> -4 | L15: =DIEM_2D!L6 | M15: =DIEM_2D!Q6 | N15: =IF(L15="CHÍNH","Dàn chính - ưu tiên kiểm tra",IF(M15="PHỤ","Dàn phụ - mở rộng",IF(I15<2,"Loại: đồng thuận thấp","Theo dõi thêm"))) -> Loại: đồng thuận thấp
A16: =ROW()-10 -> 6 | B16: =DIEM_2D!A7 -> 05 | C16: =DIEM_2D!B7 -> 0 | D16: =DIEM_2D!C7 -> 0 | E16: =DIEM_2D!D7 -> 0 | F16: =DIEM_2D!E7 -> 0 | G16: =DIEM_2D!F7 -> 0 | H16: =DIEM_2D!G7 | I16: =DIEM_2D!I7 -> 0 | J16: =DIEM_2D!J7 -> -4 | K16: =DIEM_2D!K7 -> -4 | L16: =DIEM_2D!L7 | M16: =DIEM_2D!Q7 | N16: =IF(L16="CHÍNH","Dàn chính - ưu tiên kiểm tra",IF(M16="PHỤ","Dàn phụ - mở rộng",IF(I16<2,"Loại: đồng thuận thấp","Theo dõi thêm"))) -> Loại: đồng thuận thấp
A17: =ROW()-10 -> 7 | B17: =DIEM_2D!A8 -> 06 | C17: =DIEM_2D!B8 -> 0 | D17: =DIEM_2D!C8 -> 0 | E17: =DIEM_2D!D8 -> 0 | F17: =DIEM_2D!E8 -> 1 | G17: =DIEM_2D!F8 -> 1 | H17: =DIEM_2D!G8 | I17: =DIEM_2D!I8 -> 1 | J17: =DIEM_2D!J8 -> -4 | K17: =DIEM_2D!K8 -> -2 | L17: =DIEM_2D!L8 | M17: =DIEM_2D!Q8 | N17: =IF(L17="CHÍNH","Dàn chính - ưu tiên kiểm tra",IF(M17="PHỤ","Dàn phụ - mở rộng",IF(I17<2,"Loại: đồng thuận thấp","Theo dõi thêm"))) -> Loại: đồng thuận thấp
A18: =ROW()-10 -> 8 | B18: =DIEM_2D!A9 -> 07 | C18: =DIEM_2D!B9 -> 0 | D18: =DIEM_2D!C9 -> 0 | E18: =DIEM_2D!D9 -> 0 | F18: =DIEM_2D!E9 -> 0 | G18: =DIEM_2D!F9 -> 0 | H18: =DIEM_2D!G9 | I18: =DIEM_2D!I9 -> 0 | J18: =DIEM_2D!J9 -> -4 | K18: =DIEM_2D!K9 -> -4 | L18: =DIEM_2D!L9 | M18: =DIEM_2D!Q9 | N18: =IF(L18="CHÍNH","Dàn chính - ưu tiên kiểm tra",IF(M18="PHỤ","Dàn phụ - mở rộng",IF(I18<2,"Loại: đồng thuận thấp","Theo dõi thêm"))) -> Loại: đồng thuận thấp
A19: =ROW()-10 -> 9 | B19: =DIEM_2D!A10 -> 08 | C19: =DIEM_2D!B10 -> 0 | D19: =DIEM_2D!C10 -> 1 | E19: =DIEM_2D!D10 -> 0 | F19: =DIEM_2D!E10 -> 0 | G19: =DIEM_2D!F10 -> 1 | H19: =DIEM_2D!G10 -> 08 | I19: =DIEM_2D!I10 -> 1 | J19: =DIEM_2D!J10 -> -3 | K19: =DIEM_2D!K10 -> -1 | L19: =DIEM_2D!L10 | M19: =DIEM_2D!Q10 | N19: =IF(L19="CHÍNH","Dàn chính - ưu tiên kiểm tra",IF(M19="PHỤ","Dàn phụ - mở rộng",IF(I19<2,"Loại: đồng thuận thấp","Theo dõi thêm"))) -> Loại: đồng thuận thấp
A20: =ROW()-10 -> 10 | B20: =DIEM_2D!A11 -> 09 | C20: =DIEM_2D!B11 -> 0 | D20: =DIEM_2D!C11 -> 1 | E20: =DIEM_2D!D11 -> 0 | F20: =DIEM_2D!E11 -> 0 | G20: =DIEM_2D!F11 -> 1 | H20: =DIEM_2D!G11 -> 09 | I20: =DIEM_2D!I11 -> 1 | J20: =DIEM_2D!J11 -> -3 | K20: =DIEM_2D!K11 -> -1 | L20: =DIEM_2D!L11 | M20: =DIEM_2D!Q11 | N20: =IF(L20="CHÍNH","Dàn chính - ưu tiên kiểm tra",IF(M20="PHỤ","Dàn phụ - mở rộng",IF(I20<2,"Loại: đồng thuận thấp","Theo dõi thêm"))) -> Loại: đồng thuận thấp
A21: =ROW()-10 -> 11 | B21: =DIEM_2D!A12 -> 10 | C21: =DIEM_2D!B12 -> 0 | D21: =DIEM_2D!C12 -> 0 | E21: =DIEM_2D!D12 -> 0 | F21: =DIEM_2D!E12 -> 1 | G21: =DIEM_2D!F12 -> 1 | H21: =DIEM_2D!G12 | I21: =DIEM_2D!I12 -> 1 | J21: =DIEM_2D!J12 -> -4 | K21: =DIEM_2D!K12 -> -2 | L21: =DIEM_2D!L12 | M21: =DIEM_2D!Q12 | N21: =IF(L21="CHÍNH","Dàn chính - ưu tiên kiểm tra",IF(M21="PHỤ","Dàn phụ - mở rộng",IF(I21<2,"Loại: đồng thuận thấp","Theo dõi thêm"))) -> Loại: đồng thuận thấp
A22: =ROW()-10 -> 12 | B22: =DIEM_2D!A13 -> 11 | C22: =DIEM_2D!B13 -> 0 | D22: =DIEM_2D!C13 -> 0 | E22: =DIEM_2D!D13 -> 0 | F22: =DIEM_2D!E13 -> 1 | G22: =DIEM_2D!F13 -> 1 | H22: =DIEM_2D!G13 | I22: =DIEM_2D!I13 -> 1 | J22: =DIEM_2D!J13 -> -4 | K22: =DIEM_2D!K13 -> -2 | L22: =DIEM_2D!L13 | M22: =DIEM_2D!Q13 | N22: =IF(L22="CHÍNH","Dàn chính - ưu tiên kiểm tra",IF(M22="PHỤ","Dàn phụ - mở rộng",IF(I22<2,"Loại: đồng thuận thấp","Theo dõi thêm"))) -> Loại: đồng thuận thấp
... A110: =ROW()-10 -> 100 | B110: =DIEM_2D!A101 -> 99 | C110: =DIEM_2D!B101 -> 0 | D110: =DIEM_2D!C101 -> 1 | E110: =DIEM_2D!D101 -> 0 | F110: =DIEM_2D!E101 -> 0 | G110: =DIEM_2D!F101 -> 1 | H110: =DIEM_2D!G101 -> 99 | I110: =DIEM_2D!I101 -> 1 | J110: =DIEM_2D!J101 -> -3 | K110: =DIEM_2D!K101 -> -1 | L110: =DIEM_2D!L101 | M110: =DIEM_2D!Q101 | N110: =IF(L110="CHÍNH","Dàn chính - ưu tiên kiểm tra",IF(M110="PHỤ","Dàn phụ - mở rộng",IF(I110<2,"Loại: đồng thuận thấp","Theo dõi thêm"))) -> Loại: đồng thuận thấp
