Workbook

Sheet LOC_COPY
A1: STT | B1: Số 2D | C1: Tổng | D1: Trùng Tổng Chọn (C2) | E1: Trùng G7 | F1: Nguồn G7 | G1: Trùng Chạm Chọn (G2) | H1: Điểm 2D Matrix | I1: Dàn Nguồn Top 20 | J1: Dàn Nổi Bật Top 10
A2: ĐIỀU KHIỂN: | B2: LỌC TỔNG (C2): | C2: 1950 | D2: (Nhập các Tổng, VD: 1267) | E2: LỌC CHẠM (G2): | F2: (Nhập các Chạm, VD: 2358) | G2: 3489 | H2: COPY DÀN NỔI BẬT: | I2: =_xludf.TEXTJOIN(" ", TRUE, I3:I102) -> #NAME? | J2: =_xludf.TEXTJOIN(" ", TRUE, J3:J102) -> #NAME?
A3: 1 | B3: 00 | C3: =MOD(VALUE(LEFT(B3,1))+VALUE(RIGHT(B3,1)), 10) -> 0 | D3: =IF(ISNUMBER(SEARCH(TEXT(C3,"0"),$C$2)), "ĐÚNG TỔNG", "KHÔNG") -> ĐÚNG TỔNG | E3: =IF(ISNUMBER(SEARCH(TEXT(C3,"0"), Du_Lieu_2026!$F$2 & Du_Lieu_2026!$I$2 & Du_Lieu_2026!$L$2 & Du_Lieu_2026!$O$2)), "CÓ G7", "---") -> CÓ G7 | F3: =IF(E3="CÓ G7", "CÓ NGUỒN", "---") -> CÓ NGUỒN | G3: =IF(OR(ISNUMBER(SEARCH(LEFT(B3,1),$G$2)), ISNUMBER(SEARCH(RIGHT(B3,1),$G$2))), "ĐÚNG CHẠM", "KHÔNG") -> KHÔNG | H3: =IF(D3="ĐÚNG TỔNG", 15, 0) + IF(G3="ĐÚNG CHẠM", 15, 0) + IF(E3="CÓ G7", 10, 0) + (100-ROW())/1000 -> 25.097 | I3: =IF(RANK(H3,$H$3:$H$102)<=20, B3, "") | J3: =IF(AND(D3="ĐÚNG TỔNG", G3="ĐÚNG CHẠM", RANK(H3,$H$3:$H$102)<=10), B3, "")
A4: 2 | B4: 01 | C4: =MOD(VALUE(LEFT(B4,1))+VALUE(RIGHT(B4,1)), 10) -> 1 | D4: =IF(ISNUMBER(SEARCH(TEXT(C4,"0"),$C$2)), "ĐÚNG TỔNG", "KHÔNG") -> ĐÚNG TỔNG | E4: =IF(ISNUMBER(SEARCH(TEXT(C4,"0"), Du_Lieu_2026!$F$2 & Du_Lieu_2026!$I$2 & Du_Lieu_2026!$L$2 & Du_Lieu_2026!$O$2)), "CÓ G7", "---") -> --- | F4: =IF(E4="CÓ G7", "CÓ NGUỒN", "---") -> --- | G4: =IF(OR(ISNUMBER(SEARCH(LEFT(B4,1),$G$2)), ISNUMBER(SEARCH(RIGHT(B4,1),$G$2))), "ĐÚNG CHẠM", "KHÔNG") -> KHÔNG | H4: =IF(D4="ĐÚNG TỔNG", 15, 0) + IF(G4="ĐÚNG CHẠM", 15, 0) + IF(E4="CÓ G7", 10, 0) + (100-ROW())/1000 -> 15.096 | I4: =IF(RANK(H4,$H$3:$H$102)<=20, B4, "") | J4: =IF(AND(D4="ĐÚNG TỔNG", G4="ĐÚNG CHẠM", RANK(H4,$H$3:$H$102)<=10), B4, "")
A5: 3 | B5: 02 | C5: =MOD(VALUE(LEFT(B5,1))+VALUE(RIGHT(B5,1)), 10) -> 2 | D5: =IF(ISNUMBER(SEARCH(TEXT(C5,"0"),$C$2)), "ĐÚNG TỔNG", "KHÔNG") -> KHÔNG | E5: =IF(ISNUMBER(SEARCH(TEXT(C5,"0"), Du_Lieu_2026!$F$2 & Du_Lieu_2026!$I$2 & Du_Lieu_2026!$L$2 & Du_Lieu_2026!$O$2)), "CÓ G7", "---") -> CÓ G7 | F5: =IF(E5="CÓ G7", "CÓ NGUỒN", "---") -> CÓ NGUỒN | G5: =IF(OR(ISNUMBER(SEARCH(LEFT(B5,1),$G$2)), ISNUMBER(SEARCH(RIGHT(B5,1),$G$2))), "ĐÚNG CHẠM", "KHÔNG") -> KHÔNG | H5: =IF(D5="ĐÚNG TỔNG", 15, 0) + IF(G5="ĐÚNG CHẠM", 15, 0) + IF(E5="CÓ G7", 10, 0) + (100-ROW())/1000 -> 10.095 | I5: =IF(RANK(H5,$H$3:$H$102)<=20, B5, "") | J5: =IF(AND(D5="ĐÚNG TỔNG", G5="ĐÚNG CHẠM", RANK(H5,$H$3:$H$102)<=10), B5, "")
A6: 4 | B6: 03 | C6: =MOD(VALUE(LEFT(B6,1))+VALUE(RIGHT(B6,1)), 10) -> 3 | D6: =IF(ISNUMBER(SEARCH(TEXT(C6,"0"),$C$2)), "ĐÚNG TỔNG", "KHÔNG") -> KHÔNG | E6: =IF(ISNUMBER(SEARCH(TEXT(C6,"0"), Du_Lieu_2026!$F$2 & Du_Lieu_2026!$I$2 & Du_Lieu_2026!$L$2 & Du_Lieu_2026!$O$2)), "CÓ G7", "---") -> CÓ G7 | F6: =IF(E6="CÓ G7", "CÓ NGUỒN", "---") -> CÓ NGUỒN | G6: =IF(OR(ISNUMBER(SEARCH(LEFT(B6,1),$G$2)), ISNUMBER(SEARCH(RIGHT(B6,1),$G$2))), "ĐÚNG CHẠM", "KHÔNG") -> ĐÚNG CHẠM | H6: =IF(D6="ĐÚNG TỔNG", 15, 0) + IF(G6="ĐÚNG CHẠM", 15, 0) + IF(E6="CÓ G7", 10, 0) + (100-ROW())/1000 -> 25.094 | I6: =IF(RANK(H6,$H$3:$H$102)<=20, B6, "") | J6: =IF(AND(D6="ĐÚNG TỔNG", G6="ĐÚNG CHẠM", RANK(H6,$H$3:$H$102)<=10), B6, "")
A7: 5 | B7: 04 | C7: =MOD(VALUE(LEFT(B7,1))+VALUE(RIGHT(B7,1)), 10) -> 4 | D7: =IF(ISNUMBER(SEARCH(TEXT(C7,"0"),$C$2)), "ĐÚNG TỔNG", "KHÔNG") -> KHÔNG | E7: =IF(ISNUMBER(SEARCH(TEXT(C7,"0"), Du_Lieu_2026!$F$2 & Du_Lieu_2026!$I$2 & Du_Lieu_2026!$L$2 & Du_Lieu_2026!$O$2)), "CÓ G7", "---") -> --- | F7: =IF(E7="CÓ G7", "CÓ NGUỒN", "---") -> --- | G7: =IF(OR(ISNUMBER(SEARCH(LEFT(B7,1),$G$2)), ISNUMBER(SEARCH(RIGHT(B7,1),$G$2))), "ĐÚNG CHẠM", "KHÔNG") -> ĐÚNG CHẠM | H7: =IF(D7="ĐÚNG TỔNG", 15, 0) + IF(G7="ĐÚNG CHẠM", 15, 0) + IF(E7="CÓ G7", 10, 0) + (100-ROW())/1000 -> 15.093 | I7: =IF(RANK(H7,$H$3:$H$102)<=20, B7, "") | J7: =IF(AND(D7="ĐÚNG TỔNG", G7="ĐÚNG CHẠM", RANK(H7,$H$3:$H$102)<=10), B7, "")
A8: 6 | B8: 05 | C8: =MOD(VALUE(LEFT(B8,1))+VALUE(RIGHT(B8,1)), 10) -> 5 | D8: =IF(ISNUMBER(SEARCH(TEXT(C8,"0"),$C$2)), "ĐÚNG TỔNG", "KHÔNG") -> ĐÚNG TỔNG | E8: =IF(ISNUMBER(SEARCH(TEXT(C8,"0"), Du_Lieu_2026!$F$2 & Du_Lieu_2026!$I$2 & Du_Lieu_2026!$L$2 & Du_Lieu_2026!$O$2)), "CÓ G7", "---") -> CÓ G7 | F8: =IF(E8="CÓ G7", "CÓ NGUỒN", "---") -> CÓ NGUỒN | G8: =IF(OR(ISNUMBER(SEARCH(LEFT(B8,1),$G$2)), ISNUMBER(SEARCH(RIGHT(B8,1),$G$2))), "ĐÚNG CHẠM", "KHÔNG") -> KHÔNG | H8: =IF(D8="ĐÚNG TỔNG", 15, 0) + IF(G8="ĐÚNG CHẠM", 15, 0) + IF(E8="CÓ G7", 10, 0) + (100-ROW())/1000 -> 25.092 | I8: =IF(RANK(H8,$H$3:$H$102)<=20, B8, "") | J8: =IF(AND(D8="ĐÚNG TỔNG", G8="ĐÚNG CHẠM", RANK(H8,$H$3:$H$102)<=10), B8, "")
A9: 7 | B9: 06 | C9: =MOD(VALUE(LEFT(B9,1))+VALUE(RIGHT(B9,1)), 10) -> 6 | D9: =IF(ISNUMBER(SEARCH(TEXT(C9,"0"),$C$2)), "ĐÚNG TỔNG", "KHÔNG") -> KHÔNG | E9: =IF(ISNUMBER(SEARCH(TEXT(C9,"0"), Du_Lieu_2026!$F$2 & Du_Lieu_2026!$I$2 & Du_Lieu_2026!$L$2 & Du_Lieu_2026!$O$2)), "CÓ G7", "---") -> --- | F9: =IF(E9="CÓ G7", "CÓ NGUỒN", "---") -> --- | G9: =IF(OR(ISNUMBER(SEARCH(LEFT(B9,1),$G$2)), ISNUMBER(SEARCH(RIGHT(B9,1),$G$2))), "ĐÚNG CHẠM", "KHÔNG") -> KHÔNG | H9: =IF(D9="ĐÚNG TỔNG", 15, 0) + IF(G9="ĐÚNG CHẠM", 15, 0) + IF(E9="CÓ G7", 10, 0) + (100-ROW())/1000 -> 0.091 | I9: =IF(RANK(H9,$H$3:$H$102)<=20, B9, "") | J9: =IF(AND(D9="ĐÚNG TỔNG", G9="ĐÚNG CHẠM", RANK(H9,$H$3:$H$102)<=10), B9, "")
A10: 8 | B10: 07 | C10: =MOD(VALUE(LEFT(B10,1))+VALUE(RIGHT(B10,1)), 10) -> 7 | D10: =IF(ISNUMBER(SEARCH(TEXT(C10,"0"),$C$2)), "ĐÚNG TỔNG", "KHÔNG") -> KHÔNG | E10: =IF(ISNUMBER(SEARCH(TEXT(C10,"0"), Du_Lieu_2026!$F$2 & Du_Lieu_2026!$I$2 & Du_Lieu_2026!$L$2 & Du_Lieu_2026!$O$2)), "CÓ G7", "---") -> CÓ G7 | F10: =IF(E10="CÓ G7", "CÓ NGUỒN", "---") -> CÓ NGUỒN | G10: =IF(OR(ISNUMBER(SEARCH(LEFT(B10,1),$G$2)), ISNUMBER(SEARCH(RIGHT(B10,1),$G$2))), "ĐÚNG CHẠM", "KHÔNG") -> KHÔNG | H10: =IF(D10="ĐÚNG TỔNG", 15, 0) + IF(G10="ĐÚNG CHẠM", 15, 0) + IF(E10="CÓ G7", 10, 0) + (100-ROW())/1000 -> 10.09 | I10: =IF(RANK(H10,$H$3:$H$102)<=20, B10, "") | J10: =IF(AND(D10="ĐÚNG TỔNG", G10="ĐÚNG CHẠM", RANK(H10,$H$3:$H$102)<=10), B10, "")
A11: 9 | B11: 08 | C11: =MOD(VALUE(LEFT(B11,1))+VALUE(RIGHT(B11,1)), 10) -> 8 | D11: =IF(ISNUMBER(SEARCH(TEXT(C11,"0"),$C$2)), "ĐÚNG TỔNG", "KHÔNG") -> KHÔNG | E11: =IF(ISNUMBER(SEARCH(TEXT(C11,"0"), Du_Lieu_2026!$F$2 & Du_Lieu_2026!$I$2 & Du_Lieu_2026!$L$2 & Du_Lieu_2026!$O$2)), "CÓ G7", "---") -> CÓ G7 | F11: =IF(E11="CÓ G7", "CÓ NGUỒN", "---") -> CÓ NGUỒN | G11: =IF(OR(ISNUMBER(SEARCH(LEFT(B11,1),$G$2)), ISNUMBER(SEARCH(RIGHT(B11,1),$G$2))), "ĐÚNG CHẠM", "KHÔNG") -> ĐÚNG CHẠM | H11: =IF(D11="ĐÚNG TỔNG", 15, 0) + IF(G11="ĐÚNG CHẠM", 15, 0) + IF(E11="CÓ G7", 10, 0) + (100-ROW())/1000 -> 25.089 | I11: =IF(RANK(H11,$H$3:$H$102)<=20, B11, "") | J11: =IF(AND(D11="ĐÚNG TỔNG", G11="ĐÚNG CHẠM", RANK(H11,$H$3:$H$102)<=10), B11, "")
A12: 10 | B12: 09 | C12: =MOD(VALUE(LEFT(B12,1))+VALUE(RIGHT(B12,1)), 10) -> 9 | D12: =IF(ISNUMBER(SEARCH(TEXT(C12,"0"),$C$2)), "ĐÚNG TỔNG", "KHÔNG") -> ĐÚNG TỔNG | E12: =IF(ISNUMBER(SEARCH(TEXT(C12,"0"), Du_Lieu_2026!$F$2 & Du_Lieu_2026!$I$2 & Du_Lieu_2026!$L$2 & Du_Lieu_2026!$O$2)), "CÓ G7", "---") -> --- | F12: =IF(E12="CÓ G7", "CÓ NGUỒN", "---") -> --- | G12: =IF(OR(ISNUMBER(SEARCH(LEFT(B12,1),$G$2)), ISNUMBER(SEARCH(RIGHT(B12,1),$G$2))), "ĐÚNG CHẠM", "KHÔNG") -> ĐÚNG CHẠM | H12: =IF(D12="ĐÚNG TỔNG", 15, 0) + IF(G12="ĐÚNG CHẠM", 15, 0) + IF(E12="CÓ G7", 10, 0) + (100-ROW())/1000 -> 30.088 | I12: =IF(RANK(H12,$H$3:$H$102)<=20, B12, "") -> 09 | J12: =IF(AND(D12="ĐÚNG TỔNG", G12="ĐÚNG CHẠM", RANK(H12,$H$3:$H$102)<=10), B12, "")
A13: 11 | B13: 10 | C13: =MOD(VALUE(LEFT(B13,1))+VALUE(RIGHT(B13,1)), 10) -> 1 | D13: =IF(ISNUMBER(SEARCH(TEXT(C13,"0"),$C$2)), "ĐÚNG TỔNG", "KHÔNG") -> ĐÚNG TỔNG | E13: =IF(ISNUMBER(SEARCH(TEXT(C13,"0"), Du_Lieu_2026!$F$2 & Du_Lieu_2026!$I$2 & Du_Lieu_2026!$L$2 & Du_Lieu_2026!$O$2)), "CÓ G7", "---") -> --- | F13: =IF(E13="CÓ G7", "CÓ NGUỒN", "---") -> --- | G13: =IF(OR(ISNUMBER(SEARCH(LEFT(B13,1),$G$2)), ISNUMBER(SEARCH(RIGHT(B13,1),$G$2))), "ĐÚNG CHẠM", "KHÔNG") -> KHÔNG | H13: =IF(D13="ĐÚNG TỔNG", 15, 0) + IF(G13="ĐÚNG CHẠM", 15, 0) + IF(E13="CÓ G7", 10, 0) + (100-ROW())/1000 -> 15.087 | I13: =IF(RANK(H13,$H$3:$H$102)<=20, B13, "") | J13: =IF(AND(D13="ĐÚNG TỔNG", G13="ĐÚNG CHẠM", RANK(H13,$H$3:$H$102)<=10), B13, "")
A14: 12 | B14: 11 | C14: =MOD(VALUE(LEFT(B14,1))+VALUE(RIGHT(B14,1)), 10) -> 2 | D14: =IF(ISNUMBER(SEARCH(TEXT(C14,"0"),$C$2)), "ĐÚNG TỔNG", "KHÔNG") -> KHÔNG | E14: =IF(ISNUMBER(SEARCH(TEXT(C14,"0"), Du_Lieu_2026!$F$2 & Du_Lieu_2026!$I$2 & Du_Lieu_2026!$L$2 & Du_Lieu_2026!$O$2)), "CÓ G7", "---") -> CÓ G7 | F14: =IF(E14="CÓ G7", "CÓ NGUỒN", "---") -> CÓ NGUỒN | G14: =IF(OR(ISNUMBER(SEARCH(LEFT(B14,1),$G$2)), ISNUMBER(SEARCH(RIGHT(B14,1),$G$2))), "ĐÚNG CHẠM", "KHÔNG") -> KHÔNG | H14: =IF(D14="ĐÚNG TỔNG", 15, 0) + IF(G14="ĐÚNG CHẠM", 15, 0) + IF(E14="CÓ G7", 10, 0) + (100-ROW())/1000 -> 10.086 | I14: =IF(RANK(H14,$H$3:$H$102)<=20, B14, "") | J14: =IF(AND(D14="ĐÚNG TỔNG", G14="ĐÚNG CHẠM", RANK(H14,$H$3:$H$102)<=10), B14, "")
... A102: 100 | B102: 99 | C102: =MOD(VALUE(LEFT(B102,1))+VALUE(RIGHT(B102,1)), 10) -> 8 | D102: =IF(ISNUMBER(SEARCH(TEXT(C102,"0"),$C$2)), "ĐÚNG TỔNG", "KHÔNG") -> KHÔNG | E102: =IF(ISNUMBER(SEARCH(TEXT(C102,"0"), Du_Lieu_2026!$F$2 & Du_Lieu_2026!$I$2 & Du_Lieu_2026!$L$2 & Du_Lieu_2026!$O$2)), "CÓ G7", "---") -> CÓ G7 | F102: =IF(E102="CÓ G7", "CÓ NGUỒN", "---") -> CÓ NGUỒN | G102: =IF(OR(ISNUMBER(SEARCH(LEFT(B102,1),$G$2)), ISNUMBER(SEARCH(RIGHT(B102,1),$G$2))), "ĐÚNG CHẠM", "KHÔNG") -> ĐÚNG CHẠM | H102: =IF(D102="ĐÚNG TỔNG", 15, 0) + IF(G102="ĐÚNG CHẠM", 15, 0) + IF(E102="CÓ G7", 10, 0) + (100-ROW())/1000 -> 24.998 | I102: =IF(RANK(H102,$H$3:$H$102)<=20, B102, "") | J102: =IF(AND(D102="ĐÚNG TỔNG", G102="ĐÚNG CHẠM", RANK(H102,$H$3:$H$102)<=10), B102, "")

Sheet Du_Lieu_2026
A1: STT | B1: Ngày Quay | C1: Giải Đặc Biệt (5 số) | D1: Số Đề (2 số cuối) | E1: G7.1 | F1: Tổng/Bóng G7.1 | G1: Trúng Đề Hôm Sau (G7.1) | H1: G7.2 | I1: Tổng/Bóng G7.2 | J1: Trúng Đề Hôm Sau (G7.2) | K1: G7.3 | L1: Tổng/Bóng G7.3 | M1: Trúng Đề Hôm Sau (G7.3) | N1: G7.4 | O1: Tổng/Bóng G7.4 | P1: Trúng Đề Hôm Sau (G7.4)
A2: 1 | B2: Thứ năm ngày 01-01-2026 | C2: 57068 | D2: 68 | E2: 91 | F2: T0-B5 | G2: Không | H2: 25 | I2: T7-B2 | J2: Trúng | K2: 69 | L2: T5-B0 | M2: Không | N2: 67 | O2: T3-B8 | P2: Không
A3: 2 | B3: Thứ sáu ngày 02-01-2026 | C3: 45748 | D3: 48 | E3: 29 | F3: T1-B6 | G3: Không | H3: 24 | I3: T6-B1 | J3: Không | K3: 38 | L3: T1-B6 | M3: Không | N3: 22 | O3: T4-B9 | P3: Không
A4: 3 | B4: Thứ bảy ngày 03-01-2026 | C4: 00949 | D4: 49 | E4: 46 | F4: T0-B5 | G4: Không | H4: 33 | I4: T6-B1 | J4: Trúng | K4: 92 | L4: T1-B6 | M4: Trúng | N4: 48 | O4: T2-B7 | P4: Không
A5: 4 | B5: Chủ nhật ngày 04-01-2026 | C5: 72397 | D5: 97 | E5: 68 | F5: T4-B9 | G5: Không | H5: 34 | I5: T7-B2 | J5: Không | K5: 77 | L5: T4-B9 | M5: Không | N5: 25 | O5: T7-B2 | P5: Không
A6: 5 | B6: Thứ hai ngày 05-01-2026 | C6: 70505 | D6: 05 | E6: 47 | F6: T1-B6 | G6: Trúng | H6: 43 | I6: T7-B2 | J6: Không | K6: 65 | L6: T1-B6 | M6: Trúng | N6: 27 | O6: T9-B4 | P6: Không
A7: 6 | B7: Thứ ba ngày 06-01-2026 | C7: 78447 | D7: 47 | E7: 50 | F7: T5-B0 | G7: Không | H7: 10 | I7: T1-B6 | J7: Không | K7: 65 | L7: T1-B6 | M7: Không | N7: 12 | O7: T3-B8 | P7: Không
A8: 7 | B8: Thứ tư ngày 07-01-2026 | C8: 14389 | D8: 89 | E8: 39 | F8: T2-B7 | G8: Không | H8: 64 | I8: T0-B5 | J8: Không | K8: 24 | L8: T6-B1 | M8: Không | N8: 57 | O8: T2-B7 | P8: Không
A9: 8 | B9: Thứ năm ngày 08-01-2026 | C9: 40162 | D9: 62 | E9: 54 | F9: T9-B4 | G9: Không | H9: 88 | I9: T6-B1 | J9: Không | K9: 82 | L9: T0-B5 | M9: Trúng | N9: 13 | O9: T4-B9 | P9: Không
A10: 9 | B10: Thứ sáu ngày 09-01-2026 | C10: 39523 | D10: 23 | E10: 47 | F10: T1-B6 | G10: Không | H10: 87 | I10: T5-B0 | J10: Không | K10: 52 | L10: T7-B2 | M10: Trúng | N10: 46 | O10: T0-B5 | P10: Không
A11: 10 | B11: Thứ bảy ngày 10-01-2026 | C11: 67793 | D11: 93 | E11: 70 | F11: T7-B2 | G11: Không | H11: 45 | I11: T9-B4 | J11: Không | K11: 14 | L11: T5-B0 | M11: Không | N11: 13 | O11: T4-B9 | P11: Không
A12: 11 | B12: Chủ nhật ngày 11-01-2026 | C12: 82438 | D12: 38 | E12: 70 | F12: T7-B2 | G12: Không | H12: 95 | I12: T4-B9 | J12: Không | K12: 10 | L12: T1-B6 | M12: Không | N12: 43 | O12: T7-B2 | P12: Không
A13: 12 | B13: Thứ hai ngày 12-01-2026 | C13: 31894 | D13: 94 | E13: 31 | F13: T4-B9 | G13: Trúng | H13: 34 | I13: T7-B2 | J13: Không | K13: 20 | L13: T2-B7 | M13: Không | N13: 42 | O13: T6-B1 | P13: Không
... A224: 223 | B224: Thứ bảy ngày 15-08-2026 | C224: 80278 | D224: 78 | E224: 33 | F224: T6-B1 | G224: N/A | H224: 66 | I224: T2-B7 | J224: N/A | K224: 52 | L224: T7-B2 | M224: N/A | N224: 04 | O224: T4-B9 | P224: N/A

Sheet Top20_Dong_Thuan
A1: Thứ Hạng | B1: Con Số | C1: Thuộc Tổng | D1: Chạm G7 Hợp Lệ | E1: TS 30 Ngày | F1: TS 60 Ngày | G1: TS 90 Ngày | H1: Nhịp Gan (ngày) | I1: Đánh Giá Nhịp | J1: Điểm Đồng Thuận Super-Score
A2: Top 01 | B2: 57 | C2: 2 | D2: Có | E2: 1 | F2: 1 | G2: 1 | H2: 5 | I2: Nhịp Đẹp | J2: 26.5
A3: Top 02 | B3: 83 | C3: 1 | D3: Có | E3: 1 | F3: 2 | G3: 4 | H3: 17 | I3: Nhịp Đẹp | J3: 22.5
A4: Top 03 | B4: 79 | C4: 6 | D4: Có | E4: 1 | F4: 2 | G4: 2 | H4: 8 | I4: Nhịp Đẹp | J4: 20.5
A5: Top 04 | B5: 16 | C5: 7 | D5: Có | E5: 1 | F5: 2 | G5: 2 | H5: 20 | I5: Nhịp Đẹp | J5: 20.5
A6: Top 05 | B6: 47 | C6: 1 | D6: Có | E6: 1 | F6: 2 | G6: 2 | H6: 12 | I6: Nhịp Đẹp | J6: 20.5
A7: Top 06 | B7: 60 | C7: 6 | D7: Có | E7: 1 | F7: 2 | G7: 2 | H7: 10 | I7: Nhịp Đẹp | J7: 20.5
A8: Top 07 | B8: 38 | C8: 1 | D8: Có | E8: 2 | F8: 2 | G8: 2 | H8: 22 | I8: Nhịp Đẹp | J8: 19
A9: Top 08 | B9: 10 | C9: 1 | D9: Có | E9: 1 | F9: 1 | G9: 1 | H9: 15 | I9: Nhịp Đẹp | J9: 17.5
A10: Top 09 | B10: 34 | C10: 7 | D10: Có | E10: 1 | F10: 1 | G10: 1 | H10: 16 | I10: Nhịp Đẹp | J10: 17.5
A11: Top 10 | B11: 25 | C11: 7 | D11: Có | E11: 1 | F11: 1 | G11: 1 | H11: 11 | I11: Nhịp Đẹp | J11: 17.5
A12: Top 11 | B12: 39 | C12: 2 | D12: Có | E12: 1 | F12: 2 | G12: 3 | H12: 29 | I12: Gan Dài | J12: 16.5
A13: Top 12 | B13: 70 | C13: 7 | D13: Có | E13: 1 | F13: 1 | G13: 1 | H13: 25 | I13: Nhịp Đẹp | J13: 12.5
... A21: Top 20 | B21: 97 | C21: 6 | D21: Có | E21: 0 | F21: 1 | G21: 1 | H21: 40 | I21: Gan Dài | J21: 9

Sheet Thong_Ke_Theo_Thu
A1: Thứ Trong Tuần | B1: Số Ngày Phân Tích | C1: G7.1 Trực Diện | D1: G7.1 Bóng | E1: G7.1 Tổng Trúng | F1: G7.2 Trực Diện | G1: G7.2 Bóng | H1: G7.2 Tổng Trúng | I1: G7.3 Trực Diện | J1: G7.3 Bóng | K1: G7.3 Tổng Trúng | L1: G7.4 Trực Diện | M1: G7.4 Bóng | N1: G7.4 Tổng Trúng | O1: Tỷ lệ ăn Chạm G7 gốc (%) | P1: Tỷ lệ ăn khi ép [Chạm Chính B9 x Tổng/Bóng G7] (%) | Q1: Số lượng con số bình quân sau khi hạ dàn | R1: Đánh giá vị trí G7 & Cặp Lộn tối ưu theo Thứ
A2: Thứ Hai | B2: 31 ngày | C2: 2 lần (6.5%) | D2: 4 lần (12.9%) | E2: 6 lần (19.4%) | F2: 1 lần (3.2%) | G2: 3 lần (9.7%) | H2: 4 lần (12.9%) | I2: 6 lần (19.4%) | J2: 2 lần (6.5%) | K2: 8 lần (25.8%) | L2: 1 lần (3.2%) | M2: 3 lần (9.7%) | N2: 4 lần (12.9%) | O2: 24 lần (77.4%) | P2: 10 lần (32.3%) | Q2: 39.6 con | R2: Ưu tiên G7.3 (Top 1) | Cặp Lộn Tối Ưu: 47-74, 78-87
A3: Thứ Ba | B3: 31 ngày | C3: 0 lần (0.0%) | D3: 3 lần (9.7%) | E3: 3 lần (9.7%) | F3: 2 lần (6.5%) | G3: 5 lần (16.1%) | H3: 7 lần (22.6%) | I3: 1 lần (3.2%) | J3: 4 lần (12.9%) | K3: 5 lần (16.1%) | L3: 2 lần (6.5%) | M3: 2 lần (6.5%) | N3: 4 lần (12.9%) | O3: 24 lần (77.4%) | P3: 12 lần (38.7%) | Q3: 38.0 con | R3: Ưu tiên G7.2 (Top 1) | Cặp Lộn Tối Ưu: 68-86, 89-98
A4: Thứ Tư | B4: 31 ngày | C4: 3 lần (9.7%) | D4: 5 lần (16.1%) | E4: 8 lần (25.8%) | F4: 2 lần (6.5%) | G4: 2 lần (6.5%) | H4: 4 lần (12.9%) | I4: 1 lần (3.2%) | J4: 2 lần (6.5%) | K4: 3 lần (9.7%) | L4: 0 lần (0.0%) | M4: 1 lần (3.2%) | N4: 1 lần (3.2%) | O4: 31 lần (100.0%) | P4: 6 lần (19.4%) | Q4: 38.5 con | R4: Ưu tiên G7.1 (Top 1) | Cặp Lộn Tối Ưu: 39-93, 36-63
A5: Thứ Năm | B5: 32 ngày | C5: 2 lần (6.2%) | D5: 8 lần (25.0%) | E5: 10 lần (31.2%) | F5: 2 lần (6.2%) | G5: 1 lần (3.1%) | H5: 3 lần (9.4%) | I5: 3 lần (9.4%) | J5: 8 lần (25.0%) | K5: 11 lần (34.4%) | L5: 2 lần (6.2%) | M5: 2 lần (6.2%) | N5: 4 lần (12.5%) | O5: 26 lần (81.2%) | P5: 12 lần (37.5%) | Q5: 40.2 con | R5: Ưu tiên G7.3 (Top 1) | Cặp Lộn Tối Ưu: 23-32, 45-54
A6: Thứ Sáu | B6: 33 ngày | C6: 0 lần (0.0%) | D6: 0 lần (0.0%) | E6: 0 lần (0.0%) | F6: 3 lần (9.1%) | G6: 3 lần (9.1%) | H6: 6 lần (18.2%) | I6: 3 lần (9.1%) | J6: 6 lần (18.2%) | K6: 9 lần (27.3%) | L6: 1 lần (3.0%) | M6: 6 lần (18.2%) | N6: 7 lần (21.2%) | O6: 28 lần (84.8%) | P6: 11 lần (33.3%) | Q6: 35.9 con | R6: Ưu tiên G7.3 (Top 1) | Cặp Lộn Tối Ưu: 49-94, 22-77
A7: Thứ Bảy | B7: 32 ngày | C7: 5 lần (15.6%) | D7: 1 lần (3.1%) | E7: 6 lần (18.8%) | F7: 2 lần (6.2%) | G7: 6 lần (18.8%) | H7: 8 lần (25.0%) | I7: 1 lần (3.1%) | J7: 4 lần (12.5%) | K7: 5 lần (15.6%) | L7: 2 lần (6.2%) | M7: 5 lần (15.6%) | N7: 7 lần (21.9%) | O7: 28 lần (87.5%) | P7: 10 lần (31.2%) | Q7: 37.2 con | R7: Ưu tiên G7.2 (Top 1) | Cặp Lộn Tối Ưu: 38-83, 77-22
A8: Chủ Nhật | B8: 32 ngày | C8: 2 lần (6.2%) | D8: 1 lần (3.1%) | E8: 3 lần (9.4%) | F8: 3 lần (9.4%) | G8: 3 lần (9.4%) | H8: 6 lần (18.8%) | I8: 3 lần (9.4%) | J8: 1 lần (3.1%) | K8: 4 lần (12.5%) | L8: 3 lần (9.4%) | M8: 3 lần (9.4%) | N8: 6 lần (18.8%) | O8: 27 lần (84.4%) | P8: 9 lần (28.1%) | Q8: 37.7 con | R8: Ưu tiên G7.2 (Top 1) | Cặp Lộn Tối Ưu: 05-50, 47-74
A9: TỔNG CỘNG 2026 | B9: 222 ngày | C9: 14 lần (6.3%) | D9: 22 lần (9.9%) | E9: 36 lần (16.2%) | F9: 15 lần (6.8%) | G9: 23 lần (10.4%) | H9: 38 lần (17.1%) | I9: 18 lần (8.1%) | J9: 27 lần (12.2%) | K9: 45 lần (20.3%) | L9: 11 lần (5.0%) | M9: 22 lần (9.9%) | N9: 33 lần (14.9%) | O9: 188 lần (84.7%) | P9: 70 lần (31.5%) | Q9: 38.1 con | R9: G7.3 nổ mạnh nhất (20.3%), Ép Chạm B9 hạ dàn xuống TB 38.1 con

Sheet Thong_Ke_G7_MultiWindow
A1: Cửa Sổ / Mô Hình | B1: Tỷ Lệ Trúng 2026 | C1: Số Lần Trúng | D1: Đánh Giá Chiến Thuật
A2: 🎯 KHUNG NUÔI 1 NGÀY (Trúng Ngay) | B2: 44.09% | C2: 97 / 220 ngày | D2: Chơi Ngày Nào Biết Ngày Đó
A3: 🔥 KHUNG NUÔI 2 NGÀY (Nối Tiếp) | B3: 71.36% | C3: 157 / 220 ngày | D3: Vốn An Toàn - Tỷ Lệ Trúng > 72%
A4: 🚀 KHUNG NUÔI 3 NGÀY (Max Khung) | B4: 87.27% | C4: 192 / 220 ngày | D4: Tối Ưu Cực Đại - Tỷ Lệ Trúng Gần 88%
A5: Tuần 32 (Tuần Trước) | B5: Top 1: G7_2 | C5: Top 2: G7_3 | D5: Top 3: G7_1 (Loại G7_4)
A6: Khung 30 Ngày Gần Nhất | B6: Top 1: G7_4 (26.7%) | C6: Top 2: G7_1 (20.0%) | D6: Top 3: G7_2 (20.0%) | Loại: G7_3
A7: Khung 60 Ngày Gần Nhất | B7: Top 1: G7_3 (20.0%) | C7: Top 2: G7_2 (18.3%) | D7: Top 3: G7_1 (16.7%) | Loại: G7_4
A8: Khung 90 Ngày Gần Nhất | B8: Top 1: G7_2 (21.1%) | C8: Top 2: G7_3 (16.7%) | D8: Top 3: G7_4 (15.6%) | Loại: G7_1

Sheet Thong_Ke_Nang_Cao_G7
A1: STT | B1: Ngày Quay | C1: G7.1 | D1: G7.2 | E1: G7.3 | F1: G7.4 | G1: Tập Chạm G7 | H1: Tổng/Bóng G7 | I1: Tổng/Bóng Cầu Ghép Góc | J1: Dàn Giao Thoa (Chạm x Tổng) | K1: Số Đề Hôm Sau | L1: Kết Quả Chạm G7 | M1: Kết Quả Cầu Ghép Góc | N1: Kết Quả Dàn Giao Thoa
A2: BẢNG 1 | B2: TỔNG QUAN 4 THUẬT TOÁN G7 NÂNG CAO 2026 | C2: --- | D2: --- | E2: --- | F2: --- | G2: Mô Tả & Kích Thước Dàn | H2: Số Lần Trúng | I2: Tỷ Lệ Trúng (%) | J2: Đánh Giá Khuyên Dùng | K2: --- | L2: --- | M2: --- | N2: ---
A3: TT 1 | B3: Thuật toán 1: Tổng Trực diện vs Tổng Bóng G7 | C3: G7.1-G7.4 | D3: --- | E3: --- | F3: --- | G3: 20 con / vị trí G7 (G7.3 Top 1) | H3: 45 / 222 lần (G7.3) | I3: 20.3% | J3: Bóng (42.3%) áp đảo Trực diện (26.1%). Ưu tiên G7.3 & G7.2 | K3: --- | L3: --- | M3: --- | N3: ---
A4: TT 2 | B4: Thuật toán 2: Màng Lọc Chạm G7 (Độ Phủ Cao) | C4: G7.1-G7.4 | D4: --- | E4: --- | F4: --- | G4: ~50-60 con (6-7 chữ số chạm) | H4: 188 / 222 ngày | I4: 84.7% | J4: Độ phủ 84.7%. Màng lọc bắt buộc để hạ dàn nguyên liệu | K4: --- | L4: --- | M4: --- | N4: ---
A5: TT 3 | B5: Thuật toán 3: Cầu Ghép Góc (Đầu G7.1 + Đuôi G7.4) | C5: G7.1[0] | D5: --- | E5: --- | F5: G7.4[1] | G5: 20 con (2 bộ Tổng/Bóng) | H5: 48 / 222 ngày | I5: 21.6% | J5: Cầu độc lập hiệu quả cao, nổ mạnh Thứ Hai & Thứ Bảy (~29%) | K5: --- | L5: --- | M5: --- | N5: ---
A6: TT 4 | B6: Thuật toán 4: Dàn Giao Thoa Ép Cầu [Chạm x Tổng] | C6: G7.1-G7.4 | D6: --- | E6: --- | F6: --- | G6: ~48 con (Giao giữa Chạm G7 & Tổng G7) | H6: 95 / 222 ngày | I6: 42.8% | J6: Ép dàn cực đỉnh (~48 con) giữ tỷ lệ ăn 42.8%, nổ 56.2% Thứ Năm | K6: --- | L6: --- | M6: --- | N6: ---
A7: BẢNG 2 | B7: NHẬT KÝ KIỂM CHỨNG TỰ ĐỘNG THỰC TẾ 2026 | C7: --- | D7: --- | E7: --- | F7: --- | G7: --- | H7: --- | I7: --- | J7: --- | K7: --- | L7: --- | M7: --- | N7: ---
A8: 1 | B8: Thứ năm ngày 01-01-2026 (Thứ Năm) | C8: 91 | D8: 25 | E8: 69 | F8: 67 | G8: 125679 | H8: T0, T2, T3, T5, T7, T8 | I8: T6-B1 | J8: 50 con | K8: 48 | L8: KHÔNG | M8: KHÔNG | N8: KHÔNG
A9: 2 | B9: Thứ sáu ngày 02-01-2026 (Thứ Sáu) | C9: 29 | D9: 24 | E9: 38 | F9: 22 | G9: 23489 | H9: T1, T4, T6, T9 | I9: T4-B9 | J9: 31 con | K9: 49 | L9: TRÚNG | M9: KHÔNG | N9: KHÔNG
A10: 3 | B10: Thứ bảy ngày 03-01-2026 (Thứ Bảy) | C10: 46 | D10: 33 | E10: 92 | F10: 48 | G10: 234689 | H10: T0, T1, T2, T5, T6, T7 | I10: T2-B7 | J10: 47 con | K10: 97 | L10: TRÚNG | M10: KHÔNG | N10: TRÚNG
A11: 4 | B11: Chủ nhật ngày 04-01-2026 (Chủ Nhật) | C11: 68 | D11: 34 | E11: 77 | F11: 25 | G11: 2345678 | H11: T2, T4, T7, T9 | I11: T1-B6 | J11: 37 con | K11: 05 | L11: TRÚNG | M11: KHÔNG | N11: KHÔNG
A12: 5 | B12: Thứ hai ngày 05-01-2026 (Thứ Hai) | C12: 47 | D12: 43 | E12: 65 | F12: 27 | G12: 234567 | H12: T1, T2, T4, T6, T7, T9 | I12: T1-B6 | J12: 50 con | K12: 47 | L12: TRÚNG | M12: TRÚNG | N12: TRÚNG
A13: 6 | B13: Thứ ba ngày 06-01-2026 (Thứ Ba) | C13: 50 | D13: 10 | E13: 65 | F13: 12 | G13: 01256 | H13: T0, T1, T3, T5, T6, T8 | I13: T7-B2 | J13: 44 con | K13: 89 | L13: KHÔNG | M13: TRÚNG | N13: KHÔNG
A14: 7 | B14: Thứ tư ngày 07-01-2026 (Thứ Tư) | C14: 39 | D14: 64 | E14: 24 | F14: 57 | G14: 2345679 | H14: T0, T1, T2, T5, T6, T7 | I14: T0-B5 | J14: 55 con | K14: 62 | L14: TRÚNG | M14: KHÔNG | N14: KHÔNG
A15: 8 | B15: Thứ năm ngày 08-01-2026 (Thứ Năm) | C15: 54 | D15: 88 | E15: 82 | F15: 13 | G15: 123458 | H15: T0, T1, T4, T5, T6, T9 | I15: T8-B3 | J15: 50 con | K15: 23 | L15: TRÚNG | M15: KHÔNG | N15: TRÚNG
A16: 9 | B16: Thứ sáu ngày 09-01-2026 (Thứ Sáu) | C16: 47 | D16: 87 | E16: 52 | F16: 46 | G16: 245678 | H16: T0, T1, T2, T5, T6, T7 | I16: T0-B5 | J16: 51 con | K16: 93 | L16: KHÔNG | M16: KHÔNG | N16: KHÔNG
A17: 10 | B17: Thứ bảy ngày 10-01-2026 (Thứ Bảy) | C17: 70 | D17: 45 | E17: 14 | F17: 13 | G17: 013457 | H17: T0, T2, T4, T5, T7, T9 | I17: T0-B5 | J17: 50 con | K17: 38 | L17: TRÚNG | M17: KHÔNG | N17: KHÔNG
A18: 11 | B18: Chủ nhật ngày 11-01-2026 (Chủ Nhật) | C18: 70 | D18: 95 | E18: 10 | F18: 43 | G18: 0134579 | H18: T1, T2, T4, T6, T7, T9 | I18: T0-B5 | J18: 55 con | K18: 94 | L18: TRÚNG | M18: KHÔNG | N18: KHÔNG
A19: 12 | B19: Thứ hai ngày 12-01-2026 (Thứ Hai) | C19: 31 | D19: 34 | E19: 20 | F19: 42 | G19: 01234 | H19: T1, T2, T4, T6, T7, T9 | I19: T5-B0 | J19: 45 con | K19: 27 | L19: TRÚNG | M19: KHÔNG | N19: TRÚNG
... A229: 222 | B229: Thứ sáu ngày 14-08-2026 (Thứ Sáu) | C229: 43 | D229: 54 | E229: 69 | F229: 64 | G229: 34569 | H229: T0, T2, T4, T5, T7, T9 | I229: T8-B3 | J229: 44 con | K229: 78 | L229: KHÔNG | M229: KHÔNG | N229: KHÔNG

Sheet Lich_Su_Truc_Tiep_2026
A1: STT | B1: Ngày Quay | C1: Giải Đặc Biệt | D1: Số Đề (2 số) | E1: Đầu Đề | F1: Đuôi Đề | G1: Dàn Số Dự Đoán (G7 Top 1-3) | H1: Kết Quả Dự Đoán
A2: TỔNG KẾT 2026 | B2: Tổng: 222 Ngày | C2: Trúng K1: 98 Ngày (44.14%) | D2: Trúng K2: 157 Ngày (71.36%) | E2: Trúng K3: 192 Ngày (87.27%) | G2: Dàn 40 Con Số Từ G7 Top 1-3 Ngày Trước
A3: 222 | B3: Thứ bảy ngày 15-08-2026 | C3: 80278 | D3: 78 | E3: 7 | F3: 8 | G3: 00, 02, 04, 05, 07, 09, 11, 13, 14, 16, 18, 19, 20, 22, 23, 25, 27, 28, 31, 32, 34, 36, 37, 39, 40, 41, 43, 45, 46, 48, 50, 52, 54, 55, 57, 59, 61, 63, 64, 66, 68, 69, 70, 72, 73, 75, 77, 78, 81, 82, 84, 86, 87, 89, 90, 91, 93, 95, 96, 98 | H3: TRÚNG 🎯
A4: 221 | B4: Thứ sáu ngày 14-08-2026 | C4: 80018 | D4: 18 | E4: 1 | F4: 8 | G4: 00, 03, 05, 08, 12, 14, 17, 19, 21, 23, 26, 28, 30, 32, 35, 37, 41, 44, 46, 49, 50, 53, 55, 58, 62, 64, 67, 69, 71, 73, 76, 78, 80, 82, 85, 87, 91, 94, 96, 99 | H4: TRƯỢT ❌
A5: 220 | B5: Thứ năm ngày 13-08-2026 | C5: 79344 | D5: 44 | E5: 4 | F5: 4 | G5: 01, 03, 06, 08, 10, 12, 15, 17, 21, 24, 26, 29, 30, 33, 35, 38, 42, 44, 47, 49, 51, 53, 56, 58, 60, 62, 65, 67, 71, 74, 76, 79, 80, 83, 85, 88, 92, 94, 97, 99 | H5: TRÚNG 🎯
A6: 219 | B6: Thứ tư ngày 12-08-2026 | C6: 82326 | D6: 26 | E6: 2 | F6: 6 | G6: 01, 04, 06, 09, 10, 13, 15, 18, 22, 24, 27, 29, 31, 33, 36, 38, 40, 42, 45, 47, 51, 54, 56, 59, 60, 63, 65, 68, 72, 74, 77, 79, 81, 83, 86, 88, 90, 92, 95, 97 | H6: TRƯỢT ❌
A7: 218 | B7: Thứ ba ngày 11-08-2026 | C7: 92191 | D7: 91 | E7: 9 | F7: 1 | G7: 02, 04, 07, 09, 11, 13, 16, 18, 20, 22, 25, 27, 31, 34, 36, 39, 40, 43, 45, 48, 52, 54, 57, 59, 61, 63, 66, 68, 70, 72, 75, 77, 81, 84, 86, 89, 90, 93, 95, 98 | H7: TRƯỢT ❌
A8: 217 | B8: Thứ hai ngày 10-08-2026 | C8: 92957 | D8: 57 | E8: 5 | F8: 7 | G8: 01, 03, 04, 06, 08, 09, 10, 12, 13, 15, 17, 18, 21, 22, 24, 26, 27, 29, 30, 31, 33, 35, 36, 38, 40, 42, 44, 45, 47, 49, 51, 53, 54, 56, 58, 59, 60, 62, 63, 65, 67, 68, 71, 72, 74, 76, 77, 79, 80, 81, 83, 85, 86, 88, 90, 92, 94, 95, 97, 99 | H8: TRƯỢT ❌
A9: 216 | B9: Chủ nhật ngày 09-08-2026 | C9: 12221 | D9: 21 | E9: 2 | F9: 1 | G9: 00, 03, 04, 05, 08, 09, 12, 13, 14, 17, 18, 19, 21, 22, 23, 26, 27, 28, 30, 31, 32, 35, 36, 37, 40, 41, 44, 45, 46, 49, 50, 53, 54, 55, 58, 59, 62, 63, 64, 67, 68, 69, 71, 72, 73, 76, 77, 78, 80, 81, 82, 85, 86, 87, 90, 91, 94, 95, 96, 99 | H9: TRÚNG 🎯
A10: 215 | B10: Thứ bảy ngày 08-08-2026 | C10: 04922 | D10: 22 | E10: 2 | F10: 2 | G10: 01, 03, 04, 06, 08, 09, 10, 12, 13, 15, 17, 18, 21, 22, 24, 26, 27, 29, 30, 31, 33, 35, 36, 38, 40, 42, 44, 45, 47, 49, 51, 53, 54, 56, 58, 59, 60, 62, 63, 65, 67, 68, 71, 72, 74, 76, 77, 79, 80, 81, 83, 85, 86, 88, 90, 92, 94, 95, 97, 99 | H10: TRÚNG 🎯
A11: 214 | B11: Thứ sáu ngày 07-08-2026 | C11: 16479 | D11: 79 | E11: 7 | F11: 9 | G11: 00, 03, 04, 05, 08, 09, 12, 13, 14, 17, 18, 19, 21, 22, 23, 26, 27, 28, 30, 31, 32, 35, 36, 37, 40, 41, 44, 45, 46, 49, 50, 53, 54, 55, 58, 59, 62, 63, 64, 67, 68, 69, 71, 72, 73, 76, 77, 78, 80, 81, 82, 85, 86, 87, 90, 91, 94, 95, 96, 99 | H11: TRƯỢT ❌
A12: 213 | B12: Thứ năm ngày 06-08-2026 | C12: 26167 | D12: 67 | E12: 6 | F12: 7 | G12: 02, 04, 07, 09, 11, 13, 16, 18, 20, 22, 25, 27, 31, 34, 36, 39, 40, 43, 45, 48, 52, 54, 57, 59, 61, 63, 66, 68, 70, 72, 75, 77, 81, 84, 86, 89, 90, 93, 95, 98 | H12: TRƯỢT ❌
A13: 212 | B13: Thứ tư ngày 05-08-2026 | C13: 59760 | D13: 60 | E13: 6 | F13: 0 | G13: 00, 02, 03, 05, 07, 08, 11, 12, 14, 16, 17, 19, 20, 21, 23, 25, 26, 28, 30, 32, 34, 35, 37, 39, 41, 43, 44, 46, 48, 49, 50, 52, 53, 55, 57, 58, 61, 62, 64, 66, 67, 69, 70, 71, 73, 75, 76, 78, 80, 82, 84, 85, 87, 89, 91, 93, 94, 96, 98, 99 | H13: TRƯỢT ❌
A14: 211 | B14: Thứ ba ngày 04-08-2026 | C14: 51125 | D14: 25 | E14: 2 | F14: 5 | G14: 01, 04, 06, 09, 10, 13, 15, 18, 22, 24, 27, 29, 31, 33, 36, 38, 40, 42, 45, 47, 51, 54, 56, 59, 60, 63, 65, 68, 72, 74, 77, 79, 81, 83, 86, 88, 90, 92, 95, 97 | H14: TRƯỢT ❌
... A224: 1 | B224: Thứ sáu ngày 02-01-2026 | C224: 45748 | D224: 48 | E224: 4 | F224: 8 | G224: 00, 02, 05, 07, 11, 14, 16, 19, 20, 23, 25, 28, 32, 34, 37, 39, 41, 43, 46, 48, 50, 52, 55, 57, 61, 64, 66, 69, 70, 73, 75, 78, 82, 84, 87, 89, 91, 93, 96, 98 | H224: TRÚNG 🎯

Sheet Thong_Ke_Dau_Duoi
A1: Hạng Mục Báo Cáo | B1: Chi Tiết Kế Thừa & Dự Đoán
A2: --- DỰ ĐOÁN ĐẦU / ĐUÔI VÀ DÀN SỐ CHO NGÀY TỚI ---
A3: Top 3 Đầu Tiềm Năng | B3: Đầu 5, Đầu 4, Đầu 9
A4: Top 3 Đuôi Tiềm Năng | B4: Đuôi 7, Đuôi 8, Đuôi 9
A5: Dàn 20 Con Số Dự Đoán Đồng Thuận Super-Score | B5: 57, 83, 79, 16, 47, 60, 38, 10, 34, 25, 39, 70, 65, 89, 51, 42, 84, 01, 52, 97
A6: --- TẦN SUẤT ĐẦU NĂM 2026 ---
A7: Đầu 5 | B7: 28 lần
A8: Đầu 6 | B8: 25 lần
A9: Đầu 8 | B9: 25 lần
A10: Đầu 2 | B10: 25 lần
A11: Đầu 3 | B11: 25 lần
A12: Đầu 4 | B12: 22 lần
A13: Đầu 9 | B13: 20 lần
A14: Đầu 1 | B14: 19 lần
A15: Đầu 0 | B15: 17 lần
A16: Đầu 7 | B16: 17 lần
A17: --- TẦN SUẤT ĐUÔI NĂM 2026 ---
A18: Đuôi 4 | B18: 30 lần
A19: Đuôi 8 | B19: 28 lần
A20: Đuôi 7 | B20: 26 lần
A21: Đuôi 3 | B21: 25 lần
A22: Đuôi 9 | B22: 22 lần
A23: Đuôi 1 | B23: 21 lần
A24: Đuôi 5 | B24: 19 lần
A25: Đuôi 2 | B25: 19 lần
A26: Đuôi 0 | B26: 19 lần
A27: Đuôi 6 | B27: 14 lần

Sheet Lich_Su_Nuoi_Khung_3Ngay
A1: STT | B1: Ngày Bắt Đầu Khung | C1: N1 (Ngày 1) | D1: N2 (Ngày 2) | E1: N3 (Ngày 3) | F1: Kết Quả Khung 3 Ngày | G1: Dàn Số Dự Đoán Khung
A2: TỔNG KẾT KHUNG 3 NGÀY | B2: Tổng Khung: 220 Khung | C2: Trúng N1: 97 Khung | D2: Trúng N2: 60 Khung | E2: Trúng N3: 35 Khung | F2: TỔNG TRÚNG: 192 Khung (87.27%) | G2: Trượt Khung: 28 Khung (12.73%)
A3: 220 | B3: Thứ năm ngày 13-08-2026 | C3: 44 (Trúng N1) | D3: 18 (Trượt) | E3: 78 (Trượt) | F3: TRÚNG N1 🎯 | G3: 01, 03, 06, 08, 10, 12, 15, 17, 21, 24, 26, 29, 30, 33, 35, 38, 42, 44, 47, 49, 51, 53, 56, 58, 60, 62, 65, 67, 71, 74, 76, 79, 80, 83, 85, 88, 92, 94, 97, 99
A4: 219 | B4: Thứ tư ngày 12-08-2026 | C4: 26 (Trượt) | D4: 44 (Trượt) | E4: 18 (Trúng N3) | F4: TRÚNG N3 🎯 | G4: 01, 04, 06, 09, 10, 13, 15, 18, 22, 24, 27, 29, 31, 33, 36, 38, 40, 42, 45, 47, 51, 54, 56, 59, 60, 63, 65, 68, 72, 74, 77, 79, 81, 83, 86, 88, 90, 92, 95, 97
A5: 218 | B5: Thứ ba ngày 11-08-2026 | C5: 91 (Trượt) | D5: 26 (Trượt) | E5: 44 (Trượt) | F5: TRƯỢT KHUNG ❌ | G5: 02, 04, 07, 09, 11, 13, 16, 18, 20, 22, 25, 27, 31, 34, 36, 39, 40, 43, 45, 48, 52, 54, 57, 59, 61, 63, 66, 68, 70, 72, 75, 77, 81, 84, 86, 89, 90, 93, 95, 98
A6: 217 | B6: Thứ hai ngày 10-08-2026 | C6: 57 (Trượt) | D6: 91 (Trượt) | E6: 26 (Trúng N3) | F6: TRÚNG N3 🎯 | G6: 01, 03, 04, 06, 08, 09, 10, 12, 13, 15, 17, 18, 21, 22, 24, 26, 27, 29, 30, 31, 33, 35, 36, 38, 40, 42, 44, 45, 47, 49, 51, 53, 54, 56, 58, 59, 60, 62, 63, 65, 67, 68, 71, 72, 74, 76, 77, 79, 80, 81, 83, 85, 86, 88, 90, 92, 94, 95, 97, 99
A7: 216 | B7: Chủ nhật ngày 09-08-2026 | C7: 21 (Trúng N1) | D7: 57 (Trượt) | E7: 91 (Trúng N3) | F7: TRÚNG N1 🎯 | G7: 00, 03, 04, 05, 08, 09, 12, 13, 14, 17, 18, 19, 21, 22, 23, 26, 27, 28, 30, 31, 32, 35, 36, 37, 40, 41, 44, 45, 46, 49, 50, 53, 54, 55, 58, 59, 62, 63, 64, 67, 68, 69, 71, 72, 73, 76, 77, 78, 80, 81, 82, 85, 86, 87, 90, 91, 94, 95, 96, 99
A8: 215 | B8: Thứ bảy ngày 08-08-2026 | C8: 22 (Trúng N1) | D8: 21 (Trúng N2) | E8: 57 (Trượt) | F8: TRÚNG N1 🎯 | G8: 01, 03, 04, 06, 08, 09, 10, 12, 13, 15, 17, 18, 21, 22, 24, 26, 27, 29, 30, 31, 33, 35, 36, 38, 40, 42, 44, 45, 47, 49, 51, 53, 54, 56, 58, 59, 60, 62, 63, 65, 67, 68, 71, 72, 74, 76, 77, 79, 80, 81, 83, 85, 86, 88, 90, 92, 94, 95, 97, 99
A9: 214 | B9: Thứ sáu ngày 07-08-2026 | C9: 79 (Trượt) | D9: 22 (Trúng N2) | E9: 21 (Trúng N3) | F9: TRÚNG N2 🎯 | G9: 00, 03, 04, 05, 08, 09, 12, 13, 14, 17, 18, 19, 21, 22, 23, 26, 27, 28, 30, 31, 32, 35, 36, 37, 40, 41, 44, 45, 46, 49, 50, 53, 54, 55, 58, 59, 62, 63, 64, 67, 68, 69, 71, 72, 73, 76, 77, 78, 80, 81, 82, 85, 86, 87, 90, 91, 94, 95, 96, 99
A10: 213 | B10: Thứ năm ngày 06-08-2026 | C10: 67 (Trượt) | D10: 79 (Trượt) | E10: 22 (Trúng N3) | F10: TRÚNG N3 🎯 | G10: 02, 04, 07, 09, 11, 13, 16, 18, 20, 22, 25, 27, 31, 34, 36, 39, 40, 43, 45, 48, 52, 54, 57, 59, 61, 63, 66, 68, 70, 72, 75, 77, 81, 84, 86, 89, 90, 93, 95, 98
A11: 212 | B11: Thứ tư ngày 05-08-2026 | C11: 60 (Trượt) | D11: 67 (Trúng N2) | E11: 79 (Trượt) | F11: TRÚNG N2 🎯 | G11: 00, 02, 03, 05, 07, 08, 11, 12, 14, 16, 17, 19, 20, 21, 23, 25, 26, 28, 30, 32, 34, 35, 37, 39, 41, 43, 44, 46, 48, 49, 50, 52, 53, 55, 57, 58, 61, 62, 64, 66, 67, 69, 70, 71, 73, 75, 76, 78, 80, 82, 84, 85, 87, 89, 91, 93, 94, 96, 98, 99
A12: 211 | B12: Thứ ba ngày 04-08-2026 | C12: 25 (Trượt) | D12: 60 (Trúng N2) | E12: 67 (Trượt) | F12: TRÚNG N2 🎯 | G12: 01, 04, 06, 09, 10, 13, 15, 18, 22, 24, 27, 29, 31, 33, 36, 38, 40, 42, 45, 47, 51, 54, 56, 59, 60, 63, 65, 68, 72, 74, 77, 79, 81, 83, 86, 88, 90, 92, 95, 97
A13: 210 | B13: Thứ hai ngày 03-08-2026 | C13: 47 (Trượt) | D13: 25 (Trúng N2) | E13: 60 (Trượt) | F13: TRÚNG N2 🎯 | G13: 00, 02, 03, 05, 07, 08, 11, 12, 14, 16, 17, 19, 20, 21, 23, 25, 26, 28, 30, 32, 34, 35, 37, 39, 41, 43, 44, 46, 48, 49, 50, 52, 53, 55, 57, 58, 61, 62, 64, 66, 67, 69, 70, 71, 73, 75, 76, 78, 80, 82, 84, 85, 87, 89, 91, 93, 94, 96, 98, 99
A14: 209 | B14: Chủ nhật ngày 02-08-2026 | C14: 09 (Trượt) | D14: 47 (Trúng N2) | E14: 25 (Trúng N3) | F14: TRÚNG N2 🎯 | G14: 01, 02, 03, 06, 07, 08, 10, 11, 12, 15, 16, 17, 20, 21, 24, 25, 26, 29, 30, 33, 34, 35, 38, 39, 42, 43, 44, 47, 48, 49, 51, 52, 53, 56, 57, 58, 60, 61, 62, 65, 66, 67, 70, 71, 74, 75, 76, 79, 80, 83, 84, 85, 88, 89, 92, 93, 94, 97, 98, 99
... A222: 1 | B222: Thứ sáu ngày 02-01-2026 | C222: 48 (Trúng N1) | D222: 49 (Trượt) | E222: 97 (Trượt) | F222: TRÚNG N1 🎯 | G222: 00, 02, 05, 07, 11, 14, 16, 19, 20, 23, 25, 28, 32, 34, 37, 39, 41, 43, 46, 48, 50, 52, 55, 57, 61, 64, 66, 69, 70, 73, 75, 78, 82, 84, 87, 89, 91, 93, 96, 98

Sheet Top_3D_4D_Manh_Nhat
A1: Thứ Hạng | B1: Loại Số | C1: Số Dự Đoán | D1: Càng Đầu | E1: Gốc 2D / 3D | F1: Điểm Đồng Thuận | G1: Phân Loại | H1: Khuyến Nghị
A2: 🥇 TOP 20 BA CÀNG (3D) MẠNH NHẤT | B2: Ba Càng 3D | C2: --- | D2: --- | E2: --- | F2: --- | G2: MẠNH NHẤT | H2: Bắt nhịp hỏa lực 3D Top 20
A3: Top 01 | B3: Ba Càng (3D) | C3: 057 | D3: Càng 0 | E3: Đề 57 | F3: 45.5 | G3: MẠNH | H3: Ưu tiên dàn chính hỏa lực
A4: Top 02 | B4: Ba Càng (3D) | C4: 157 | D4: Càng 1 | E4: Đề 57 | F4: 45.5 | G4: MẠNH | H4: Ưu tiên dàn chính hỏa lực
A5: Top 03 | B5: Ba Càng (3D) | C5: 257 | D5: Càng 2 | E5: Đề 57 | F5: 45.5 | G5: MẠNH | H5: Ưu tiên dàn chính hỏa lực
A6: Top 04 | B6: Ba Càng (3D) | C6: 357 | D6: Càng 3 | E6: Đề 57 | F6: 45.5 | G6: MẠNH | H6: Khung lót bổ trợ
A7: Top 05 | B7: Ba Càng (3D) | C7: 457 | D7: Càng 4 | E7: Đề 57 | F7: 45.5 | G7: MẠNH | H7: Khung lót bổ trợ
A8: Top 06 | B8: Ba Càng (3D) | C8: 083 | D8: Càng 0 | E8: Đề 83 | F8: 41.5 | G8: TRUNG BÌNH | H8: Khung lót bổ trợ
A9: Top 07 | B9: Ba Càng (3D) | C9: 183 | D9: Càng 1 | E9: Đề 83 | F9: 41.5 | G9: TRUNG BÌNH | H9: Khung lót bổ trợ
A10: Top 08 | B10: Ba Càng (3D) | C10: 283 | D10: Càng 2 | E10: Đề 83 | F10: 41.5 | G10: TRUNG BÌNH | H10: Khung lót bổ trợ
A11: Top 09 | B11: Ba Càng (3D) | C11: 383 | D11: Càng 3 | E11: Đề 83 | F11: 41.5 | G11: TRUNG BÌNH | H11: Khung lót bổ trợ
A12: Top 10 | B12: Ba Càng (3D) | C12: 483 | D12: Càng 4 | E12: Đề 83 | F12: 41.5 | G12: TRUNG BÌNH | H12: Khung lót bổ trợ
A13: Top 11 | B13: Ba Càng (3D) | C13: 079 | D13: Càng 0 | E13: Đề 79 | F13: 39.5 | G13: DÀN LÓT | H13: Khung lót bổ trợ
A14: Top 12 | B14: Ba Càng (3D) | C14: 016 | D14: Càng 0 | E14: Đề 16 | F14: 39.5 | G14: DÀN LÓT | H14: Khung lót bổ trợ
... A22: Top 20 | B22: Ba Càng (3D) | C22: 216 | D22: Càng 2 | E22: Đề 16 | F22: 39.5 | G22: DÀN LÓT | H22: Khung lót bổ trợ
A23: ⚡ TOP 20 BỐN CÀNG (4D) MẠNH NHẤT | B23: Bốn Càng 4D | C23: --- | D23: --- | E23: --- | F23: --- | G23: MẠNH NHẤT | H23: Bắt nhịp hỏa lực 4D Top 20
A24: Top 01 | B24: Bốn Càng (4D) | C24: 0057 | D24: Càng 0 | E24: Ba Càng 057 | F24: 60.5 | G24: MẠNH | H24: Ưu tiên dàn chính hỏa lực
A25: Top 02 | B25: Bốn Càng (4D) | C25: 0157 | D25: Càng 0 | E25: Ba Càng 157 | F25: 60.5 | G25: MẠNH | H25: Ưu tiên dàn chính hỏa lực
A26: Top 03 | B26: Bốn Càng (4D) | C26: 0257 | D26: Càng 0 | E26: Ba Càng 257 | F26: 60.5 | G26: MẠNH | H26: Ưu tiên dàn chính hỏa lực
A27: Top 04 | B27: Bốn Càng (4D) | C27: 0357 | D27: Càng 0 | E27: Ba Càng 357 | F27: 60.5 | G27: MẠNH | H27: Khung lót bổ trợ
A28: Top 05 | B28: Bốn Càng (4D) | C28: 0457 | D28: Càng 0 | E28: Ba Càng 457 | F28: 60.5 | G28: MẠNH | H28: Khung lót bổ trợ
A29: Top 06 | B29: Bốn Càng (4D) | C29: 1057 | D29: Càng 1 | E29: Ba Càng 057 | F29: 60.5 | G29: TRUNG BÌNH | H29: Khung lót bổ trợ
A30: Top 07 | B30: Bốn Càng (4D) | C30: 1157 | D30: Càng 1 | E30: Ba Càng 157 | F30: 60.5 | G30: TRUNG BÌNH | H30: Khung lót bổ trợ
A31: Top 08 | B31: Bốn Càng (4D) | C31: 1257 | D31: Càng 1 | E31: Ba Càng 257 | F31: 60.5 | G31: TRUNG BÌNH | H31: Khung lót bổ trợ
A32: Top 09 | B32: Bốn Càng (4D) | C32: 1357 | D32: Càng 1 | E32: Ba Càng 357 | F32: 60.5 | G32: TRUNG BÌNH | H32: Khung lót bổ trợ
A33: Top 10 | B33: Bốn Càng (4D) | C33: 1457 | D33: Càng 1 | E33: Ba Càng 457 | F33: 60.5 | G33: TRUNG BÌNH | H33: Khung lót bổ trợ
A34: Top 11 | B34: Bốn Càng (4D) | C34: 2057 | D34: Càng 2 | E34: Ba Càng 057 | F34: 60.5 | G34: DÀN LÓT | H34: Khung lót bổ trợ
A35: Top 12 | B35: Bốn Càng (4D) | C35: 2157 | D35: Càng 2 | E35: Ba Càng 157 | F35: 60.5 | G35: DÀN LÓT | H35: Khung lót bổ trợ
... A43: Top 20 | B43: Bốn Càng (4D) | C43: 3457 | D43: Càng 3 | E43: Ba Càng 457 | F43: 60.5 | G43: DÀN LÓT | H43: Khung lót bổ trợ

Sheet Lich_Su_3D_4D_2026
A1: STT | B1: Ngày Quay | C1: Giải Đặc Biệt | D1: Thực Tế 3D (3 Càng) | E1: Thực Tế 4D (4 Càng) | F1: Dàn Top 20 3D Dự Đoán | G1: Kết Quả 3D Top 20 | H1: Kết Quả 3D Matrix (200 số) | I1: Dàn Top 20 4D Dự Đoán | J1: Kết Quả 4D Top 20
A2: 222 | B2: Thứ bảy ngày 15-08-2026 | C2: 80278 | D2: 278 | E2: 0278 | F2: 091, 057, 028, 054, 018, 016, 023, 000, 009, 022, 191, 157, 128, 154, 118, 116, 123, 100, 109, 122 | G2: TRƯỢT ❌ | H2: TRƯỢT ❌ | I2: 9091, 9057, 9028, 9054, 9018, 9016, 9023, 9000, 9009, 9022, 2091, 2057, 2028, 2054, 2018, 2016, 2023, 2000, 2009, 2022 | J2: TRƯỢT ❌
A3: 221 | B3: Thứ sáu ngày 14-08-2026 | C3: 80018 | D3: 018 | E3: 0018 | F3: 167, 121, 128, 191, 126, 144, 123, 196, 119, 185, 267, 221, 228, 291, 226, 244, 223, 296, 219, 285 | G3: TRƯỢT ❌ | H3: TRƯỢT ❌ | I3: 6167, 6121, 6128, 6191, 6126, 6144, 6123, 6196, 6119, 6185, 9167, 9121, 9128, 9191, 9126, 9144, 9123, 9196, 9119, 9185 | J3: TRƯỢT ❌
A4: 220 | B4: Thứ năm ngày 13-08-2026 | C4: 79344 | D4: 344 | E4: 9344 | F4: 179, 160, 167, 121, 147, 126, 110, 138, 183, 165, 279, 260, 267, 221, 247, 226, 210, 238, 283, 265 | G4: TRƯỢT ❌ | H4: TRƯỢT ❌ | I4: 9179, 9160, 9167, 9121, 9147, 9126, 9110, 9138, 9183, 9165, 6179, 6160, 6167, 6121, 6147, 6126, 6110, 6138, 6183, 6165 | J4: TRƯỢT ❌
A5: 219 | B5: Thứ tư ngày 12-08-2026 | C5: 82326 | D5: 326 | E5: 2326 | F5: 179, 160, 154, 122, 147, 109, 110, 138, 183, 190, 279, 260, 254, 222, 247, 209, 210, 238, 283, 290 | G5: TRƯỢT ❌ | H5: TRƯỢT ❌ | I5: 9179, 9160, 9154, 9122, 9147, 9109, 9110, 9138, 9183, 9190, 6179, 6160, 6154, 6122, 6147, 6109, 6110, 6138, 6183, 6190 | J5: TRƯỢT ❌
A6: 218 | B6: Thứ ba ngày 11-08-2026 | C6: 92191 | D6: 191 | E6: 2191 | F6: 154, 125, 122, 157, 116, 109, 134, 170, 139, 163, 254, 225, 222, 257, 216, 209, 234, 270, 239, 263 | G6: TRƯỢT ❌ | H6: TRƯỢT ❌ | I6: 9154, 9125, 9122, 9157, 9116, 9109, 9134, 9170, 9139, 9163, 6154, 6125, 6122, 6157, 6116, 6109, 6134, 6170, 6139, 6163 | J6: TRƯỢT ❌
A7: 217 | B7: Thứ hai ngày 10-08-2026 | C7: 92957 | D7: 957 | E7: 2957 | F7: 147, 160, 167, 154, 179, 109, 122, 121, 110, 138, 247, 260, 267, 254, 279, 209, 222, 221, 210, 238 | G7: TRƯỢT ❌ | H7: TRƯỢT ❌ | I7: 9147, 9160, 9167, 9154, 9179, 9109, 9122, 9121, 9110, 9138, 6147, 6160, 6167, 6154, 6179, 6109, 6122, 6121, 6110, 6138 | J7: TRƯỢT ❌
A8: 216 | B8: Chủ nhật ngày 09-08-2026 | C8: 12221 | D8: 221 | E8: 2221 | F8: 167, 154, 123, 109, 128, 122, 100, 196, 194, 199, 267, 254, 223, 209, 228, 222, 200, 296, 294, 299 | G8: TRƯỢT ❌ | H8: TRƯỢT ❌ | I8: 9167, 9154, 9123, 9109, 9128, 9122, 9100, 9196, 9194, 9199, 6167, 6154, 6123, 6109, 6128, 6122, 6100, 6196, 6194, 6199 | J8: TRƯỢT ❌
A9: 215 | B9: Thứ bảy ngày 08-08-2026 | C9: 04922 | D9: 922 | E9: 4922 | F9: 147, 167, 154, 109, 110, 160, 138, 179, 183, 190, 247, 267, 254, 209, 210, 260, 238, 279, 283, 290 | G9: TRƯỢT ❌ | H9: TRƯỢT ❌ | I9: 9147, 9167, 9154, 9109, 9110, 9160, 9138, 9179, 9183, 9190, 6147, 6167, 6154, 6109, 6110, 6160, 6138, 6179, 6183, 6190 | J9: TRƯỢT ❌
A10: 214 | B10: Thứ sáu ngày 07-08-2026 | C10: 16479 | D10: 479 | E10: 6479 | F10: 054, 023, 067, 009, 028, 000, 090, 096, 085, 094, 154, 123, 167, 109, 128, 100, 190, 196, 185, 194 | G10: TRƯỢT ❌ | H10: TRƯỢT ❌ | I10: 9054, 9023, 9067, 9009, 9028, 9000, 9090, 9096, 9085, 9094, 6054, 6023, 6067, 6009, 6028, 6000, 6090, 6096, 6085, 6094 | J10: TRƯỢT ❌
A11: 213 | B11: Thứ năm ngày 06-08-2026 | C11: 26167 | D11: 167 | E11: 6167 | F11: 054, 009, 034, 025, 039, 016, 090, 070, 063, 089, 154, 109, 134, 125, 139, 116, 190, 170, 163, 189 | G11: TRƯỢT ❌ | H11: TRƯỢT ❌ | I11: 9054, 9009, 9034, 9025, 9039, 9016, 9090, 9070, 9063, 9089, 2054, 2009, 2034, 2025, 2039, 2016, 2090, 2070, 2063, 2089 | J11: TRƯỢT ❌
A12: 212 | B12: Thứ tư ngày 05-08-2026 | C12: 59760 | D12: 760 | E12: 9760 | F12: 023, 034, 028, 025, 039, 000, 096, 070, 019, 089, 123, 134, 128, 125, 139, 100, 196, 170, 119, 189 | G12: TRƯỢT ❌ | H12: TRƯỢT ❌ | I12: 9023, 9034, 9028, 9025, 9039, 9000, 9096, 9070, 9019, 9089, 2023, 2034, 2028, 2025, 2039, 2000, 2096, 2070, 2019, 2089 | J12: TRƯỢT ❌
A13: 211 | B13: Thứ ba ngày 04-08-2026 | C13: 51125 | D13: 125 | E13: 1125 | F13: 083, 047, 054, 010, 038, 009, 063, 090, 079, 001, 183, 147, 154, 110, 138, 109, 163, 190, 179, 101 | G13: TRƯỢT ❌ | H13: TRƯỢT ❌ | I13: 9083, 9047, 9054, 9010, 9038, 9009, 9063, 9090, 9079, 9001, 6083, 6047, 6054, 6010, 6038, 6009, 6063, 6090, 6079, 6001 | J13: TRƯỢT ❌
... A223: 1 | B223: Thứ sáu ngày 02-01-2026 | C223: 45748 | D223: 748 | E223: 5748 | F223: 082, 048, 091, 098, 028, 007, 016, 032, 023, 011, 582, 548, 591, 598, 528, 507, 516, 532, 523, 511 | G223: TRƯỢT ❌ | H223: TRƯỢT ❌ | I223: 7082, 7048, 7091, 7098, 7028, 7007, 7016, 7032, 7023, 7011 | J223: TRƯỢT ❌
